Kinase,Score,Rank,Method,Perc,Qrt,hgnc_symbol,group,KinaseFamily,subfamily
AAK1,292,255,KEA3,0.11428571428571428,1,AAK1,OTHER,"NAK",BIKE
ABL1,50,32,KEA3,0.8857142857142857,4,ABL1,TK,ABL,NA
ABL2,126.33333333333333,111,KEA3,0.5914285714285714,3,ABL2,TK,ABL,NA
ACVR1,120,107,KEA3,0.6028571428571429,3,ACVR1,TKL,STKR,TYPE1
ACVR1B,183,170,KEA3,0.38571428571428573,2,ACVR1B,TKL,STKR,TYPE1
ACVR2B,211,191,KEA3,0.31142857142857144,2,ACVR2B,TKL,STKR,TYPE2
AKT1,29.333333333333332,10,KEA3,0.9714285714285714,4,AKT1,AGC,AKT,NA
AKT2,105,95,KEA3,0.6485714285714286,3,AKT2,AGC,AKT,NA
AKT3,216,195,KEA3,0.3,2,AKT3,AGC,AKT,NA
ALK,14.5,2,KEA3,0.9942857142857143,4,ALK,TK,ALK,NA
ARAF,55,39,KEA3,0.8571428571428571,4,ARAF,TKL,RAF,RAF
ATM,48.666666666666664,29,KEA3,0.8942857142857142,4,ATM,ATYPICAL,PIKK,ATM
ATR,48,26,KEA3,0.9114285714285715,4,ATR,ATYPICAL,PIKK,ATR
AURKA,76.66666666666667,63,KEA3,0.7685714285714286,4,AURKA,OTHER,AUR,NA
AURKB,55,39,KEA3,0.8571428571428571,4,AURKB,OTHER,AUR,NA
AURKC,184.5,172,KEA3,0.38,2,AURKC,OTHER,AUR,NA
AXL,188,174,KEA3,0.37142857142857144,2,AXL,TK,AXL,NA
BLK,254,227,KEA3,0.19428571428571428,1,BLK,TK,SRC,SRCB
BMP2K,323,281,KEA3,0.04,1,BMP2K,OTHER,"NAK",BIKE
BMPR1A,157.5,143,KEA3,0.49142857142857144,2,BMPR1A,TKL,STKR,TYPE1
BMPR1B,91,76,KEA3,0.7171428571428572,3,BMPR1B,TKL,STKR,TYPE1
BMPR2,204,186,KEA3,0.3314285714285714,2,BMPR2,TKL,STKR,TYPE2
BMX,71.33333333333333,59,KEA3,0.7828571428571428,4,BMX,TK,TEC,NA
BRAF,131,117,KEA3,0.5742857142857143,3,BRAF,TKL,RAF,RAF
BRSK1,221,197,KEA3,0.2885714285714286,2,BRSK1,CAMK,CAMKL,BRSK
BRSK2,299,262,KEA3,0.09428571428571429,1,BRSK2,CAMK,CAMKL,BRSK
BTK,65.33333333333333,51,KEA3,0.8142857142857143,4,BTK,TK,TEC,NA
BUB1,99,86,KEA3,0.6771428571428572,3,BUB1,OTHER,BUB,NA
CAMK1,167,153,KEA3,0.45714285714285713,2,CAMK1,CAMK,CAMK1,NA
CAMK1D,233.5,207,KEA3,0.2542857142857143,2,CAMK1D,CAMK,CAMK1,NA
CAMK2A,61.333333333333336,45,KEA3,0.8314285714285714,4,CAMK2A,CAMK,CAMK2,NA
CAMK2B,208,188,KEA3,0.32571428571428573,2,CAMK2B,CAMK,CAMK2,NA
CAMK2D,90.66666666666667,75,KEA3,0.72,3,CAMK2D,CAMK,CAMK2,NA
CAMK2G,155,140,KEA3,0.5,3,CAMK2G,CAMK,CAMK2,NA
CAMK4,99,86,KEA3,0.6771428571428572,3,CAMK4,CAMK,CAMK1,NA
CAMKK1,78,66,KEA3,0.7542857142857143,4,CAMKK1,OTHER,CAMKK,META
CAMKK2,174,159,KEA3,0.4228571428571429,2,CAMKK2,OTHER,CAMKK,META
CDC42BPA,270,238,KEA3,0.16285714285714287,1,CDC42BPA,AGC,DMPK,GEK
CDC7,184,171,KEA3,0.38285714285714284,2,CDC7,OTHER,CDC7,NA
CDK1,50.5,33,KEA3,0.8828571428571429,4,CDK1,CMGC,CDK,CDC2
CDK11A,331,287,KEA3,0.022857142857142857,1,CDK11A,NA,NA,NA
CDK12,312,273,KEA3,0.06285714285714286,1,CDK12,CMGC,CDK,CRK7
CDK15,236,210,KEA3,0.24571428571428572,1,CDK15,CMGC,CDK,PFTAIRE
CDK16,190,176,KEA3,0.3657142857142857,2,CDK16,CMGC,CDK,PCTAIRE
CDK18,211,191,KEA3,0.31142857142857144,2,CDK18,CMGC,CDK,PCTAIRE
CDK19,267,235,KEA3,0.17142857142857143,1,CDK19,CMGC,CDK,CDK8
CDK2,47.333333333333336,24,KEA3,0.9171428571428571,4,CDK2,CMGC,CDK,CDC2
CDK20,280,246,KEA3,0.14,1,CDK20,CMGC,CDK,CCRK
CDK3,146.33333333333334,129,KEA3,0.5371428571428571,3,CDK3,CMGC,CDK,CDC2
CDK4,58.666666666666664,43,KEA3,0.84,4,CDK4,CMGC,CDK,CDK4
CDK5,48.666666666666664,29,KEA3,0.8942857142857142,4,CDK5,CMGC,CDK,CDK5
CDK6,85,69,KEA3,0.74,3,CDK6,CMGC,CDK,CDK4
CDK7,63.666666666666664,50,KEA3,0.8171428571428572,4,CDK7,CMGC,CDK,CDK7
CDK8,198,182,KEA3,0.3457142857142857,2,CDK8,CMGC,CDK,CDK8
CDK9,102.33333333333333,90,KEA3,0.6657142857142857,3,CDK9,CMGC,CDK,CDK9
CDKL3,296,259,KEA3,0.10285714285714286,1,CDKL3,CMGC,CDKL,NA
CDKL5,55,39,KEA3,0.8571428571428571,4,CDKL5,CMGC,CDKL,NA
CHEK1,78.33333333333333,67,KEA3,0.7485714285714286,3,CHEK1,CAMK,CAMKL,CHK1
CHEK2,71.33333333333333,59,KEA3,0.7828571428571428,4,CHEK2,CAMK,RAD53,NA
CHUK,90.66666666666667,75,KEA3,0.72,3,CHUK,OTHER,IKK,NA
CLK1,85.5,70,KEA3,0.7371428571428571,3,CLK1,CMGC,CLK,NA
CLK2,54.5,38,KEA3,0.8657142857142858,4,CLK2,CMGC,CLK,NA
CLK3,185.5,173,KEA3,0.3742857142857143,2,CLK3,CMGC,CLK,NA
CLK4,319,279,KEA3,0.045714285714285714,1,CLK4,CMGC,CLK,NA
CSF1R,333,289,KEA3,0.017142857142857144,1,CSF1R,TK,PDGFR,NA
CSK,138.66666666666666,124,KEA3,0.5514285714285714,3,CSK,TK,CSK,NA
CSNK1A1,46.666666666666664,23,KEA3,0.9228571428571428,4,CSNK1A1,CK1,CK1,CK1-A
CSNK1A1L,337,293,KEA3,0.005714285714285714,1,CSNK1A1L,CK1,CK1,CK1-A
CSNK1D,91.33333333333333,77,KEA3,0.7142857142857143,3,CSNK1D,CK1,CK1,CK1-D
CSNK1E,77.33333333333333,64,KEA3,0.7628571428571429,4,CSNK1E,CK1,CK1,CK1-D
CSNK1G1,214.5,194,KEA3,0.3028571428571429,2,CSNK1G1,CK1,CK1,CK1-G
CSNK1G2,105.5,96,KEA3,0.6428571428571429,3,CSNK1G2,CK1,CK1,CK1-G
CSNK1G3,228,203,KEA3,0.26571428571428574,2,CSNK1G3,CK1,CK1,CK1-G
CSNK2A1,36.666666666666664,17,KEA3,0.9457142857142857,4,CSNK2A1,CMGC,CK2,NA
CSNK2A2,78.66666666666667,68,KEA3,0.7428571428571429,3,CSNK2A2,CMGC,CK2,NA
DAPK1,155.33333333333334,141,KEA3,0.49714285714285716,2,DAPK1,CAMK,DAPK,DAPK
DAPK3,198,182,KEA3,0.3457142857142857,2,DAPK3,CAMK,DAPK,DAPK
DCLK1,241,215,KEA3,0.22857142857142856,1,DCLK1,CAMK,DCAMKL,NA
DDR1,54.5,38,KEA3,0.8657142857142858,4,DDR1,TK,DDR,NA
DDR2,174,159,KEA3,0.4228571428571429,2,DDR2,TK,DDR,NA
DMPK,229,204,KEA3,0.26285714285714284,2,DMPK,AGC,DMPK,GEK
DYRK1A,77.66666666666667,65,KEA3,0.7571428571428571,4,DYRK1A,CMGC,DYRK,DYRK1
DYRK1B,110,99,KEA3,0.6314285714285715,3,DYRK1B,CMGC,DYRK,DYRK1
DYRK2,76,62,KEA3,0.7714285714285715,4,DYRK2,CMGC,DYRK,DYRK2
DYRK3,173,157,KEA3,0.4342857142857143,2,DYRK3,CMGC,DYRK,DYRK2
DYRK4,45.5,22,KEA3,0.9285714285714286,4,DYRK4,CMGC,DYRK,DYRK2
EEF2K,105,95,KEA3,0.6485714285714286,3,EEF2K,ATYPICAL,ALPHA,EEF2K
EGFR,71,58,KEA3,0.7885714285714286,4,EGFR,TK,EGFR,NA
EIF2AK1,311,272,KEA3,0.06571428571428571,1,EIF2AK1,OTHER,PEK,HRI
EIF2AK2,148.66666666666666,133,KEA3,0.5257142857142857,3,EIF2AK2,OTHER,PEK,PKR
EIF2AK3,335,291,KEA3,0.011428571428571429,1,EIF2AK3,OTHER,PEK,PEK
EPHA2,317,277,KEA3,0.05142857142857143,1,EPHA2,TK,EPH,NA
EPHA3,63,49,KEA3,0.82,4,EPHA3,TK,EPH,NA
EPHA4,324,282,KEA3,0.037142857142857144,1,EPHA4,TK,EPH,NA
EPHA8,334,290,KEA3,0.014285714285714285,1,EPHA8,TK,EPH,NA
EPHB1,320,280,KEA3,0.04285714285714286,1,EPHB1,TK,EPH,NA
EPHB2,282,248,KEA3,0.13428571428571429,1,EPHB2,TK,EPH,NA
EPHB3,167,153,KEA3,0.45714285714285713,2,EPHB3,TK,EPH,NA
ERBB2,144,128,KEA3,0.54,3,ERBB2,TK,EGFR,NA
ERBB4,316,276,KEA3,0.054285714285714284,1,ERBB4,TK,EGFR,NA
FASTK,211,191,KEA3,0.31142857142857144,2,FASTK,ATYPICAL,FAST,NA
FER,133,119,KEA3,0.5685714285714286,3,FER,TK,FER,NA
FES,248,222,KEA3,0.20857142857142857,1,FES,TK,FER,NA
FGFR1,115.66666666666667,105,KEA3,0.6114285714285714,3,FGFR1,TK,FGFR,NA
FGFR2,94.5,82,KEA3,0.7,3,FGFR2,TK,FGFR,NA
FGFR3,163,148,KEA3,0.47714285714285715,2,FGFR3,TK,FGFR,NA
FGFR4,52.5,36,KEA3,0.8742857142857143,4,FGFR4,TK,FGFR,NA
FGR,60,44,KEA3,0.8371428571428572,4,FGR,TK,SRC,SRCA
FLT1,300,263,KEA3,0.09142857142857143,1,FLT1,TK,VEGFR,NA
FLT3,189,175,KEA3,0.36857142857142855,2,FLT3,TK,PDGFR,NA
FLT4,244,219,KEA3,0.21714285714285714,1,FLT4,TK,VEGFR,NA
FRK,163.5,150,KEA3,0.4685714285714286,2,FRK,TK,SRC,FRK
FYN,48.333333333333336,27,KEA3,0.9085714285714286,4,FYN,TK,SRC,SRCA
GRK1,329,286,KEA3,0.025714285714285714,1,GRK1,AGC,GRK,GRK
GRK2,35.666666666666664,16,KEA3,0.9514285714285714,4,GRK2,AGC,GRK,BARK
GRK3,224.5,199,KEA3,0.28285714285714286,2,GRK3,AGC,GRK,BARK
GRK5,95,84,KEA3,0.6885714285714286,3,GRK5,AGC,GRK,GRK
GRK6,179.66666666666666,167,KEA3,0.4,2,GRK6,AGC,GRK,GRK
GSK3A,90.33333333333333,74,KEA3,0.7257142857142858,3,GSK3A,CMGC,GSK,NA
GSK3B,45,21,KEA3,0.9314285714285714,4,GSK3B,CMGC,GSK,NA
HASPIN,221,197,KEA3,0.2885714285714286,2,HASPIN,OTHER,HASPIN,NA
HCK,92.66666666666667,80,KEA3,0.7057142857142857,3,HCK,TK,SRC,SRCB
HIPK1,70.5,57,KEA3,0.7971428571428572,4,HIPK1,CMGC,DYRK,HIPK
HIPK2,114.66666666666667,104,KEA3,0.6171428571428571,3,HIPK2,CMGC,DYRK,HIPK
HIPK3,283,249,KEA3,0.13142857142857142,1,HIPK3,CMGC,DYRK,HIPK
HIPK4,58,41,KEA3,0.8457142857142858,4,HIPK4,CMGC,DYRK,HIPK
ICK,268,236,KEA3,0.16857142857142857,1,CILK1,CMGC,RCK,NA
IGF1R,159.66666666666666,144,KEA3,0.48857142857142855,2,IGF1R,TK,INSR,NA
IKBKB,101.33333333333333,89,KEA3,0.6685714285714286,3,IKBKB,OTHER,IKK,NA
IKBKE,128.66666666666666,114,KEA3,0.5828571428571429,3,IKBKE,OTHER,IKK,NA
ILK,91.66666666666667,78,KEA3,0.7114285714285714,3,ILK,TKL,MLK,ILK
INSR,117.33333333333333,106,KEA3,0.6057142857142858,3,INSR,TK,INSR,NA
IRAK1,185.5,173,KEA3,0.3742857142857143,2,IRAK1,TKL,IRAK,NA
IRAK3,241,215,KEA3,0.22857142857142856,1,IRAK3,TKL,IRAK,NA
IRAK4,281,247,KEA3,0.13714285714285715,1,IRAK4,TKL,IRAK,NA
ITK,138,123,KEA3,0.5542857142857143,3,ITK,TK,TEC,NA
JAK1,163.5,150,KEA3,0.4685714285714286,2,JAK1,TK,JAKA,NA
JAK2,57.333333333333336,40,KEA3,0.8542857142857143,4,JAK2,TK,JAKA,NA
JAK3,161.33333333333334,147,KEA3,0.48,2,JAK3,TK,JAKA,NA
KDR,294,257,KEA3,0.10857142857142857,1,KDR,TK,VEGFR,NA
KIT,182,169,KEA3,0.3914285714285714,2,KIT,TK,PDGFR,NA
KSR1,247,221,KEA3,0.21142857142857144,1,KSR1,TKL,RAF,KSR
KSR2,271,239,KEA3,0.16,1,KSR2,TKL,RAF,KSR
LATS1,175.33333333333334,161,KEA3,0.41714285714285715,2,LATS1,AGC,NDR,NA
LATS2,124.5,109,KEA3,0.5971428571428572,3,LATS2,AGC,NDR,NA
LCK,48.666666666666664,29,KEA3,0.8942857142857142,4,LCK,TK,SRC,SRCB
LIMK1,269,237,KEA3,0.1657142857142857,1,LIMK1,TKL,LISK,LIMK
LIMK2,179,166,KEA3,0.40285714285714286,2,LIMK2,TKL,LISK,LIMK
LRRK2,125.5,110,KEA3,0.5942857142857143,3,LRRK2,TKL,LRRK,NA
LYN,65.66666666666667,53,KEA3,0.8085714285714286,4,LYN,TK,SRC,SRCB
MAK,235,208,KEA3,0.25142857142857145,2,MAK,CMGC,RCK,NA
MAP2K1,155,140,KEA3,0.5,3,MAP2K1,STE,STE7,MEK1
MAP2K2,205.5,187,KEA3,0.32857142857142857,2,MAP2K2,STE,STE7,MEK1
MAP2K3,213,193,KEA3,0.3057142857142857,2,MAP2K3,STE,STE7,MEK3
MAP2K4,139.66666666666666,125,KEA3,0.5485714285714286,3,MAP2K4,STE,STE7,MEK4
MAP2K6,176,162,KEA3,0.4142857142857143,2,MAP2K6,STE,STE7,MEK3
MAP2K7,65.5,52,KEA3,0.8114285714285714,4,MAP2K7,STE,STE7,MEK7
MAP3K1,224,198,KEA3,0.2857142857142857,2,MAP3K1,STE,STE11,MEKK1
MAP3K10,249,223,KEA3,0.2057142857142857,1,MAP3K10,TKL,MLK,MLK
MAP3K11,182,169,KEA3,0.3914285714285714,2,MAP3K11,TKL,MLK,MLK
MAP3K13,237.5,212,KEA3,0.24,1,MAP3K13,TKL,MLK,LZK
MAP3K14,156.33333333333334,142,KEA3,0.4942857142857143,2,MAP3K14,STE,STE-UNIQUE,NA
MAP3K20,265,234,KEA3,0.1742857142857143,1,MAP3K20,TKL,MLK,ZAK
MAP3K3,277,244,KEA3,0.1457142857142857,1,MAP3K3,STE,STE11,MEKK2
MAP3K4,297,260,KEA3,0.1,1,MAP3K4,STE,STE11,MEKK4
MAP3K5,142.33333333333334,127,KEA3,0.5428571428571428,3,MAP3K5,STE,STE11,ASK
MAP3K6,231,205,KEA3,0.26,2,MAP3K6,STE,STE11,ASK
MAP3K7,70.33333333333333,56,KEA3,0.8,4,MAP3K7,TKL,MLK,TAK1
MAP3K8,151.5,137,KEA3,0.5114285714285715,3,MAP3K8,STE,STE-UNIQUE,NA
MAP4K1,238,213,KEA3,0.23714285714285716,1,MAP4K1,STE,STE20,KHS
MAP4K2,166.5,152,KEA3,0.46285714285714286,2,MAP4K2,STE,STE20,KHS
MAP4K3,288,253,KEA3,0.12,1,MAP4K3,STE,STE20,KHS
MAP4K4,304,266,KEA3,0.08285714285714285,1,MAP4K4,STE,STE20,MSN
MAP4K5,176.5,163,KEA3,0.4114285714285714,2,MAP4K5,STE,STE20,KHS
MAPK1,36.666666666666664,17,KEA3,0.9457142857142857,4,MAPK1,CMGC,MAPK,ERK1
MAPK10,88.66666666666667,72,KEA3,0.7314285714285714,3,MAPK10,CMGC,MAPK,JNK
MAPK11,104.66666666666667,94,KEA3,0.6542857142857142,3,MAPK11,CMGC,MAPK,P38
MAPK12,100,87,KEA3,0.6742857142857143,3,MAPK12,CMGC,MAPK,P38
MAPK13,173.33333333333334,158,KEA3,0.43142857142857144,2,MAPK13,CMGC,MAPK,P38
MAPK14,32,12,KEA3,0.9657142857142857,4,MAPK14,CMGC,MAPK,P38
MAPK15,175,160,KEA3,0.42,2,MAPK15,CMGC,MAPK,ERK7
MAPK3,34.666666666666664,15,KEA3,0.9571428571428572,4,MAPK3,CMGC,MAPK,ERK1
MAPK6,217,196,KEA3,0.29428571428571426,2,MAPK6,CMGC,MAPK,ERK3
MAPK7,117.33333333333333,106,KEA3,0.6057142857142858,3,MAPK7,CMGC,MAPK,ERK5
MAPK8,47.666666666666664,25,KEA3,0.9142857142857143,4,MAPK8,CMGC,MAPK,JNK
MAPK9,53,37,KEA3,0.8714285714285714,4,MAPK9,CMGC,MAPK,JNK
MAPKAPK2,77.66666666666667,65,KEA3,0.7571428571428571,4,MAPKAPK2,CAMK,MAPKAPK,MAPKAPK
MAPKAPK3,291,254,KEA3,0.11714285714285715,1,MAPKAPK3,CAMK,MAPKAPK,MAPKAPK
MAPKAPK5,89.66666666666667,73,KEA3,0.7285714285714285,3,MAPKAPK5,CAMK,MAPKAPK,MAPKAPK
MARK2,78.33333333333333,67,KEA3,0.7485714285714286,3,MARK2,CAMK,CAMKL,MARK
MARK3,199,183,KEA3,0.34285714285714286,2,MARK3,CAMK,CAMKL,MARK
MARK4,332,288,KEA3,0.02,1,MARK4,CAMK,CAMKL,MARK
MAST1,235.5,209,KEA3,0.24857142857142858,1,MAST1,AGC,MAST,MAST
MAST2,310,271,KEA3,0.06857142857142857,1,MAST2,AGC,MAST,MAST
MATK,204,186,KEA3,0.3314285714285714,2,MATK,TK,CSK,NA
MELK,298,261,KEA3,0.09714285714285714,1,MELK,CAMK,CAMKL,MELK
MERTK,150,135,KEA3,0.52,3,MERTK,TK,AXL,NA
MET,112.66666666666667,101,KEA3,0.6257142857142857,3,MET,TK,MET,NA
MKNK1,173,157,KEA3,0.4342857142857143,2,MKNK1,CAMK,MAPKAPK,MNK
MKNK2,203.5,185,KEA3,0.33714285714285713,2,MKNK2,CAMK,MAPKAPK,MNK
MOK,227,202,KEA3,0.2714285714285714,2,MOK,CMGC,RCK,NA
MOS,295,258,KEA3,0.10571428571428572,1,MOS,OTHER,MOS,NA
MST1R,259,230,KEA3,0.18571428571428572,1,MST1R,TK,MET,NA
MTOR,78.66666666666667,68,KEA3,0.7428571428571429,3,MTOR,ATYPICAL,PIKK,FRAP
MYLK2,211.5,192,KEA3,0.30857142857142855,2,MYLK2,CAMK,MLCK,NA
MYO3A,252,226,KEA3,0.19714285714285715,1,MYO3A,STE,STE20,NINAC
NEK10,274,242,KEA3,0.15142857142857144,1,NEK10,OTHER,NEK,NEK10
NEK11,309,270,KEA3,0.07142857142857142,1,NEK11,OTHER,NEK,NEK11
NEK2,67.66666666666667,54,KEA3,0.8057142857142857,4,NEK2,OTHER,NEK,NEK2
NEK3,105.5,96,KEA3,0.6428571428571429,3,NEK3,OTHER,NEK,NEK1
NEK4,150.5,136,KEA3,0.5142857142857142,3,NEK4,OTHER,NEK,NEK4
NEK6,104.33333333333333,93,KEA3,0.6571428571428571,3,NEK6,OTHER,NEK,NEK6
NEK8,201.5,184,KEA3,0.34,2,NEK8,OTHER,NEK,NEK8
NEK9,69,55,KEA3,0.8028571428571428,4,NEK9,OTHER,NEK,NEK8
NIM1K,250,224,KEA3,0.20285714285714285,1,NIM1K,CAMK,CAMKL,NIM1
NLK,168.66666666666666,156,KEA3,0.44857142857142857,2,NLK,CMGC,MAPK,NMO
NPR2,97,85,KEA3,0.6857142857142857,3,NPR2,RGC,RGC,NA
NRBP2,227,202,KEA3,0.2714285714285714,2,NRBP2,OTHER,NRBP,NA
NTRK1,160,145,KEA3,0.4857142857142857,2,NTRK1,TK,TRK,NA
NTRK2,306,268,KEA3,0.07714285714285714,1,NTRK2,TK,TRK,NA
NTRK3,226,201,KEA3,0.27714285714285714,2,NTRK3,TK,TRK,NA
NUAK1,148,132,KEA3,0.5285714285714286,3,NUAK1,CAMK,CAMKL,NUAK
NUAK2,285,250,KEA3,0.12857142857142856,1,NUAK2,CAMK,CAMKL,NUAK
OXSR1,273,241,KEA3,0.15428571428571428,1,OXSR1,STE,STE20,FRAY
PAK1,38.333333333333336,18,KEA3,0.9428571428571428,4,PAK1,STE,STE20,PAKA
PAK2,135.33333333333334,121,KEA3,0.56,3,PAK2,STE,STE20,PAKA
PAK3,242,216,KEA3,0.2257142857142857,1,PAK3,STE,STE20,PAKA
PAK4,45,21,KEA3,0.9314285714285714,4,PAK4,STE,STE20,PAKB
PAK5,326,284,KEA3,0.03142857142857143,1,PAK5,STE,STE20,PAKB
PAK6,161,146,KEA3,0.4828571428571429,2,PAK6,STE,STE20,PAKB
PASK,287,252,KEA3,0.12285714285714286,1,PASK,CAMK,CAMKL,PASK
PBK,174,159,KEA3,0.4228571428571429,2,PBK,OTHER,TOPK,NA
PDGFRA,178,164,KEA3,0.4085714285714286,2,PDGFRA,TK,PDGFR,NA
PDGFRB,133.66666666666666,120,KEA3,0.5657142857142857,3,PDGFRB,TK,PDGFR,NA
PDIK1L,293,256,KEA3,0.11142857142857143,1,PDIK1L,OTHER,NKF4,NA
PDK1,126.5,112,KEA3,0.5885714285714285,3,PDK1,ATYPICAL,PDHK,PDHK
PDPK1,49.5,31,KEA3,0.8885714285714286,4,PDPK1,AGC,PDK1,NA
PIK3CA,195,179,KEA3,0.35714285714285715,2,PIK3CA,NA,NA,NA
PIK3CB,336,292,KEA3,0.008571428571428572,1,PIK3CB,NA,NA,NA
PIK3CG,305,267,KEA3,0.08,1,PIK3CG,NA,NA,NA
PIK3R4,243,217,KEA3,0.22285714285714286,1,PIK3R4,OTHER,VPS15,NA
PIM1,62,47,KEA3,0.8257142857142857,4,PIM1,CAMK,PIM,NA
PIM2,149,134,KEA3,0.5228571428571429,3,PIM2,CAMK,PIM,NA
PINK1,147,131,KEA3,0.5314285714285715,3,PINK1,OTHER,NKF2,NA
PKMYT1,272,240,KEA3,0.15714285714285714,1,PKMYT1,OTHER,WEE,NA
PKN1,115.66666666666667,105,KEA3,0.6114285714285714,3,PKN1,AGC,PKN,NA
PLK1,44.666666666666664,20,KEA3,0.9371428571428572,4,PLK1,OTHER,PLK,PLK1
PLK2,146.5,130,KEA3,0.5342857142857143,3,PLK2,OTHER,PLK,PLK2
PLK3,94.66666666666667,83,KEA3,0.6971428571428572,3,PLK3,OTHER,PLK,PLK2
PLK4,122,108,KEA3,0.6,3,PLK4,OTHER,PLK,SAK
PNCK,173,157,KEA3,0.4342857142857143,2,PNCK,CAMK,CAMK1,NA
PRKAA1,28,9,KEA3,0.9742857142857143,4,PRKAA1,CAMK,CAMKL,AMPK
PRKAA2,58.333333333333336,42,KEA3,0.8428571428571429,4,PRKAA2,CAMK,CAMKL,AMPK
PRKACA,23.333333333333332,7,KEA3,0.98,4,PRKACA,AGC,PKA,NA
PRKACB,243.5,218,KEA3,0.22,1,PRKACB,AGC,PKA,NA
PRKCA,31.666666666666668,11,KEA3,0.9685714285714285,4,PRKCA,AGC,PKC,ALPHA
PRKCB,46.666666666666664,23,KEA3,0.9228571428571428,4,PRKCB,AGC,PKC,ALPHA
PRKCD,39.333333333333336,19,KEA3,0.94,4,PRKCD,AGC,PKC,DELTA
PRKCE,47.333333333333336,24,KEA3,0.9171428571428571,4,PRKCE,AGC,PKC,ETA
PRKCG,108.33333333333333,97,KEA3,0.64,3,PRKCG,AGC,PKC,ALPHA
PRKCH,92.33333333333333,79,KEA3,0.7085714285714285,3,PRKCH,AGC,PKC,ETA
PRKCI,21.666666666666668,6,KEA3,0.9828571428571429,4,PRKCI,AGC,PKC,IOTA
PRKCQ,48.666666666666664,29,KEA3,0.8942857142857142,4,PRKCQ,AGC,PKC,DELTA
PRKCZ,35.666666666666664,16,KEA3,0.9514285714285714,4,PRKCZ,AGC,PKC,IOTA
PRKD1,16,3,KEA3,0.9914285714285714,4,PRKD1,CAMK,PKD,NA
PRKD2,151.66666666666666,138,KEA3,0.5085714285714286,3,PRKD2,CAMK,PKD,NA
PRKD3,237,211,KEA3,0.24285714285714285,1,PRKD3,CAMK,PKD,NA
PRKDC,76,62,KEA3,0.7714285714285715,4,PRKDC,ATYPICAL,PIKK,DNAPK
PRKG1,13.666666666666666,1,KEA3,0.9971428571428571,4,PRKG1,AGC,PKG,NA
PRKG2,228,203,KEA3,0.26571428571428574,2,PRKG2,AGC,PKG,NA
PRKX,258,229,KEA3,0.18857142857142858,1,PRKX,AGC,PKA,NA
PRKY,140,126,KEA3,0.5457142857142857,3,PRKY,AGC,PKA,NA
PRPF4B,178.5,165,KEA3,0.4057142857142857,2,PRPF4B,CMGC,DYRK,PRP4
PTK2,61.333333333333336,45,KEA3,0.8314285714285714,4,PTK2,TK,FAK,NA
PTK2B,72.66666666666667,60,KEA3,0.78,4,PTK2B,TK,FAK,NA
PTK6,103,92,KEA3,0.66,3,PTK6,TK,SRC,SRM
PXK,71,58,KEA3,0.7885714285714286,4,PXK,OTHER,SLOB,NA
RAF1,13.666666666666666,1,KEA3,0.9971428571428571,4,RAF1,TKL,RAF,RAF
RET,100.66666666666667,88,KEA3,0.6714285714285714,3,RET,TK,RET,NA
RIOK1,275,243,KEA3,0.14857142857142858,1,RIOK1,ATYPICAL,RIO,RIO1
RIPK1,256,228,KEA3,0.19142857142857142,1,RIPK1,TKL,RIPK,NA
RIPK2,181,168,KEA3,0.39714285714285713,2,RIPK2,TKL,RIPK,NA
RIPK3,75,61,KEA3,0.7771428571428571,4,RIPK3,TKL,RIPK,NA
ROCK1,94,81,KEA3,0.7028571428571428,3,ROCK1,AGC,DMPK,ROCK
ROCK2,163.33333333333334,149,KEA3,0.4742857142857143,2,ROCK2,AGC,DMPK,ROCK
RPS6KA1,20.333333333333332,4,KEA3,0.9885714285714285,4,RPS6KA1,AGC,RSK,RSK
RPS6KA2,51.5,35,KEA3,0.8771428571428571,4,RPS6KA2,AGC,RSK,RSK
RPS6KA3,20.666666666666668,5,KEA3,0.9857142857142858,4,RPS6KA3,AGC,RSK,RSK
RPS6KA4,113.5,103,KEA3,0.62,3,RPS6KA4,AGC,RSK,MSK
RPS6KA5,71,58,KEA3,0.7885714285714286,4,RPS6KA5,AGC,RSK,MSK
RPS6KB1,49,30,KEA3,0.8914285714285715,4,RPS6KB1,AGC,RSK,P70
RPS6KB2,173,157,KEA3,0.4342857142857143,2,RPS6KB2,AGC,RSK,P70
RPS6KL1,308,269,KEA3,0.07428571428571429,1,RPS6KL1,AGC,RSKL,NA
SCYL1,325,283,KEA3,0.03428571428571429,1,SCYL1,OTHER,SCY1,NA
SCYL2,109.5,98,KEA3,0.6371428571428571,3,SCYL2,OTHER,SCY1,NA
SCYL3,225,200,KEA3,0.28,2,SCYL3,OTHER,SCY1,NA
SGK1,99,86,KEA3,0.6771428571428572,3,SGK1,AGC,SGK,NA
SGK2,278,245,KEA3,0.14285714285714285,1,SGK2,AGC,SGK,NA
SGK3,261,232,KEA3,0.18,1,SGK3,AGC,SGK,NA
SIK1,110,99,KEA3,0.6314285714285715,3,SIK1,CAMK,CAMKL,QIK
SIK2,301,264,KEA3,0.08857142857142856,1,SIK2,CAMK,CAMKL,QIK
SMG1,328,285,KEA3,0.02857142857142857,1,SMG1,ATYPICAL,PIKK,SMG1
SNRK,209.5,190,KEA3,0.32,2,SNRK,CAMK,CAMKL,SNRK
SRC,32.333333333333336,13,KEA3,0.9628571428571429,4,SRC,TK,SRC,SRCA
SRMS,318,278,KEA3,0.04857142857142857,1,SRMS,TK,SRC,SRM
SRPK1,127,113,KEA3,0.5857142857142857,3,SRPK1,CMGC,SRPK,NA
SRPK2,58,41,KEA3,0.8457142857142858,4,SRPK2,CMGC,SRPK,NA
STK10,262,233,KEA3,0.17714285714285713,1,STK10,STE,STE20,SLK
STK11,33,14,KEA3,0.96,4,STK11,CAMK,CAMKL,LKB
STK16,102.5,91,KEA3,0.6628571428571428,3,STK16,OTHER,"NAK",MPSK
STK17A,58,41,KEA3,0.8457142857142858,4,STK17A,CAMK,DAPK,DRAK
STK24,150.5,136,KEA3,0.5142857142857142,3,STK24,STE,STE20,YSK
STK25,217,196,KEA3,0.29428571428571426,2,STK25,STE,STE20,YSK
STK26,232,206,KEA3,0.2571428571428571,2,STK26,STE,STE20,YSK
STK3,131.33333333333334,118,KEA3,0.5714285714285714,3,STK3,STE,STE20,MST
STK33,251,225,KEA3,0.2,1,STK33,CAMK,CAMK-UNIQUE,NA
STK36,238.5,214,KEA3,0.2342857142857143,1,STK36,OTHER,ULK,FUSED
STK38,168.5,155,KEA3,0.4514285714285714,2,STK38,AGC,NDR,NA
STK38L,196.5,180,KEA3,0.35428571428571426,2,STK38L,AGC,NDR,NA
STK39,113,102,KEA3,0.6228571428571429,3,STK39,STE,STE20,FRAY
STK4,110.5,100,KEA3,0.6285714285714286,3,STK4,STE,STE20,MST
STK40,194,178,KEA3,0.36,2,STK40,CAMK,SGK495,NA
STYK1,192,177,KEA3,0.3628571428571429,2,STYK1,TK,TK-UNIQUE,NA
SYK,50.666666666666664,34,KEA3,0.88,4,SYK,TK,SYK,NA
TAOK1,302,265,KEA3,0.08571428571428572,1,TAOK1,STE,STE20,TAO
TBK1,62.333333333333336,48,KEA3,0.8228571428571428,4,TBK1,OTHER,IKK,NA
TEC,173,157,KEA3,0.4342857142857143,2,TEC,TK,TEC,NA
TEK,314,274,KEA3,0.06,1,TEK,TK,TIE,NA
TESK1,286,251,KEA3,0.12571428571428572,1,TESK1,TKL,LISK,TESK
TESK2,168,154,KEA3,0.4542857142857143,2,TESK2,TKL,LISK,TESK
TGFBR1,197.5,181,KEA3,0.3514285714285714,2,TGFBR1,TKL,STKR,TYPE1
TGFBR2,48.5,28,KEA3,0.9057142857142857,4,TGFBR2,TKL,STKR,TYPE2
TLK1,339,295,KEA3,0,1,TLK1,OTHER,TLK,NA
TNIK,315,275,KEA3,0.05714285714285714,1,TNIK,STE,STE20,MSN
TNK2,129,115,KEA3,0.58,3,TNK2,TK,ACK,NA
TNNI3K,24.5,8,KEA3,0.9771428571428571,4,TNNI3K,TKL,MLK,HH498
TP53RK,338,294,KEA3,0.002857142857142857,1,TP53RK,OTHER,BUD32,NA
TRIB3,135.5,122,KEA3,0.5571428571428572,3,TRIB3,CAMK,TRBL,NA
TRPM7,209,189,KEA3,0.32285714285714284,2,TRPM7,ATYPICAL,ALPHA,CHAK
TTK,130.33333333333334,116,KEA3,0.5771428571428572,3,TTK,OTHER,TTK,NA
TXK,260,231,KEA3,0.18285714285714286,1,TXK,TK,TEC,NA
TYK2,95,84,KEA3,0.6885714285714286,3,TYK2,TK,JAKA,NA
TYRO3,165.5,151,KEA3,0.4657142857142857,2,TYRO3,TK,AXL,NA
UHMK1,154.5,139,KEA3,0.5057142857142857,3,UHMK1,OTHER,KIS,NA
ULK1,183,170,KEA3,0.38571428571428573,2,ULK1,OTHER,ULK,ULK
VRK1,135.33333333333334,121,KEA3,0.56,3,VRK1,CK1,VRK,NA
VRK3,245.5,220,KEA3,0.21428571428571427,1,VRK3,CK1,VRK,NA
WEE1,61.5,46,KEA3,0.8285714285714286,4,WEE1,OTHER,WEE,NA
WNK1,95,84,KEA3,0.6885714285714286,3,WNK1,OTHER,WNK,NA
YES1,87.33333333333333,71,KEA3,0.7342857142857143,3,YES1,TK,SRC,SRCA
ZAP70,77.33333333333333,64,KEA3,0.7628571428571429,4,ZAP70,TK,SYK,NA
HGK/ZC1,2.69897000433602,1,UKA,1,4,MAP4K4,STE,STE20,MSN
PKA[ALPHA],1.69897000433602,2,UKA,0.9894736842105263,4,PRKACA,AGC,PKA,NA
DCAMKL1,1.5595932038596,3,UKA,0.9789473684210527,4,DCLK1,CAMK,DCAMKL,NA
SGK2,1.44369749923271,4,UKA,0.968421052631579,4,SGK2,AGC,SGK,NA
SGK2,1.44369749923271,4,UKA,0.968421052631579,4,SGK3,AGC,SGK,NA
PRKX,1.3767507096021,5,UKA,0.9578947368421052,4,PRKX,AGC,PKA,NA
PRKY,1.30102999566398,6,UKA,0.9473684210526315,4,PRKY,AGC,PKA,NA
AKT2/PKB[BETA],1.22184874961636,7,UKA,0.9368421052631579,4,AKT2,AGC,AKT,NA
AKT1/PKB[ALPHA],1.19382002601611,8,UKA,0.9263157894736842,4,AKT1,AGC,AKT,NA
DAPK3,1.08618614761628,9,UKA,0.9052631578947369,4,DAPK3,CAMK,DAPK,DAPK
PKC[DELTA],1.08618614761628,9,UKA,0.9052631578947369,4,PRKCD,AGC,PKC,DELTA
P70S6K,1.07572071393812,10,UKA,0.8947368421052632,4,RPS6KB1,AGC,RSK,P70
SGK1,1.04575749056068,11,UKA,0.8842105263157894,4,SGK1,AGC,SGK,NA
RAF1,1.00877392430751,12,UKA,0.8736842105263158,4,RAF1,TKL,RAF,RAF
DAPK2,0.96657624451305,13,UKA,0.8631578947368421,4,DAPK2,CAMK,DAPK,DAPK
CDKL1,0.818156412055227,14,UKA,0.8526315789473684,4,CDKL1,CMGC,CDKL,NA
PKG2,0.795880017344075,15,UKA,0.8421052631578947,4,PRKG2,AGC,PKG,NA
TNIK/ZC2,0.752089123307047,16,UKA,0.8315789473684211,4,TNIK,STE,STE20,MSN
AMPK[ALPHA]1,0.749579997691106,17,UKA,0.8210526315789474,4,PRKAA1,CAMK,CAMKL,AMPK
PKC[ETA],0.657577319177794,18,UKA,0.8105263157894737,4,PRKCH,AGC,PKC,ETA
RSKL2,0.651909206415738,19,UKA,0.8,4,RPS6KL1,AGC,RSKL,NA
ANP[ALPHA],0.645891560852599,20,UKA,0.7894736842105263,4,NPR1,RGC,RGC,NA
CHK1,0.642065152999546,21,UKA,0.7789473684210526,4,CHEK1,CAMK,CAMKL,CHK1
RSKL1,0.623438377659144,22,UKA,0.7684210526315789,4,RPS6KC1,AGC,RSKL,NA
CDK10,0.59516628338006194,23,UKA,0.7473684210526316,3,CDK10,CMGC,CDK,CDK10
CK2[ALPHA]1,0.585026652029182,24,UKA,0.7368421052631579,3,CSNK2A1,CMGC,CK2,NA
PKC[THETA],0.571865205971211,25,UKA,0.7263157894736842,3,PRKCQ,AGC,PKC,DELTA
P38[DELTA],0.565431095965801,26,UKA,0.7157894736842105,3,MAPK13,CMGC,MAPK,P38
MTOR/FRAP,0.537602002101044,27,UKA,0.7052631578947368,3,MTOR,ATYPICAL,PIKK,FRAP
PKC[IOTA],0.528708288941061,28,UKA,0.6947368421052632,3,PRKCI,AGC,PKC,IOTA
PKC[ZETA],0.519993057042849,29,UKA,0.6842105263157895,3,PRKCZ,AGC,PKC,IOTA
PFTAIRE2,0.508638306165727,30,UKA,0.6736842105263158,3,CDK15,CMGC,CDK,PFTAIRE
P70S6K[BETA],0.503070351926785,31,UKA,0.6631578947368421,3,RPS6KB2,AGC,RSK,P70
CDK2,0.481486060122112,32,UKA,0.6526315789473685,3,CDK2,CMGC,CDK,CDC2
PKC[EPSILON],0.46344155742847,33,UKA,0.6421052631578947,3,PRKCE,AGC,PKC,ETA
ERK1,0.431798275933005,34,UKA,0.631578947368421,3,MAPK3,CMGC,MAPK,ERK1
ARAF,0.411168274405793,35,UKA,0.6105263157894737,3,ARAF,TKL,RAF,RAF
GSK3[ALPHA],0.411168274405793,35,UKA,0.6105263157894737,3,GSK3A,CMGC,GSK,NA
BRAF,0.402304814074488,36,UKA,0.5894736842105263,3,BRAF,TKL,RAF,RAF
GSK3[BETA],0.402304814074488,36,UKA,0.5894736842105263,3,GSK3B,CMGC,GSK,NA
PKC[BETA],0.391473966422806,37,UKA,0.5789473684210527,3,PRKCB,AGC,PKC,ALPHA
CK1[EPSILON],0.370590400897281,38,UKA,0.5684210526315789,3,CSNK1E,CK1,CK1,CK1-D
CDK6,0.366531544420413,39,UKA,0.5578947368421052,3,CDK6,CMGC,CDK,CDK4
JNK1,0.354577730650908,40,UKA,0.5473684210526316,3,MAPK8,CMGC,MAPK,JNK
CDK7,0.35261702988538,41,UKA,0.5368421052631579,3,CDK7,CMGC,CDK,CDK7
CK1[DELTA],0.344140018210888,42,UKA,0.5263157894736842,3,CSNK1D,CK1,CK1,CK1-D
JNK3,0.342944147142896,43,UKA,0.5157894736842106,3,MAPK10,CMGC,MAPK,JNK
PKC[GAMMA],0.337242168318426,44,UKA,0.49473684210526314,2,PRKCG,AGC,PKC,ALPHA
JNK2,0.337242168318426,44,UKA,0.49473684210526314,2,MAPK9,CMGC,MAPK,JNK
MAPKAPK3,0.326058001365912,45,UKA,0.4842105263157895,2,MAPKAPK3,CAMK,MAPKAPK,MAPKAPK
TBK1,0.318758762624413,46,UKA,0.47368421052631576,2,TBK1,OTHER,IKK,NA
DAPK1,0.311813732460194,47,UKA,0.4631578947368421,2,DAPK1,CAMK,DAPK,DAPK
P38[GAMMA],0.311580177997289,48,UKA,0.45263157894736844,2,MAPK12,CMGC,MAPK,P38
RSK3,0.30803489723264,49,UKA,0.43157894736842106,2,RPS6KA1,AGC,RSK,RSK
AURB/AUR1,0.30803489723264,49,UKA,0.43157894736842106,2,AURKB,OTHER,AUR,NA
ERK2,0.292429823902064,50,UKA,0.4105263157894737,2,MAPK1,CMGC,MAPK,ERK1
ERK5,0.292429823902064,50,UKA,0.4105263157894737,2,MAPK7,CMGC,MAPK,ERK5
PKG1,0.289036881004724,51,UKA,0.4,2,PRKG1,AGC,PKG,NA
IKK[BETA],0.277366077466188,52,UKA,0.3894736842105263,2,IKBKB,OTHER,IKK,NA
CDK9,0.272458742971444,53,UKA,0.37894736842105264,2,CDK9,CMGC,CDK,CDK9
PKD1,0.269217724333611,54,UKA,0.3684210526315789,2,PRKD1,CAMK,PKD,NA
CDC2/CDK1,0.266000713461613,55,UKA,0.35789473684210527,2,CDK1,CMGC,CDK,CDC2
RSK1/P90RSK,0.25649023527157,56,UKA,0.3473684210526316,2,RPS6KA2,AGC,RSK,RSK
ICK,0.254925208417942,57,UKA,0.3368421052631579,2,CILK1,CMGC,RCK,NA
IKK[EPSILON],0.241088107602027,58,UKA,0.3263157894736842,2,IKBKE,OTHER,IKK,NA
SGK307,0.239577516576788,59,UKA,0.3157894736842105,2,TEX14,OTHER,NKF5,NA
MAPK14,0.22767829327708,60,UKA,0.30526315789473685,2,MAPK14,CMGC,MAPK,P38
CAMK4,0.207608310501746,61,UKA,0.29473684210526313,2,CAMK4,CAMK,CAMK1,NA
CAMK4,0.207608310501746,61,UKA,0.29473684210526313,2,CAMKK1,OTHER,CAMKK,META
P38[BETA],0.196542884351586,62,UKA,0.28421052631578947,2,MAPK11,CMGC,MAPK,P38
PCTAIRE2,0.180456064458131,63,UKA,0.2736842105263158,2,CDK17,CMGC,CDK,PCTAIRE
ATR,0.164943898279884,64,UKA,0.2631578947368421,2,ATR,ATYPICAL,PIKK,ATR
PAK1,0.163675884293248,65,UKA,0.25263157894736843,2,PAK1,STE,STE20,PAKA
ERK7,0.158640529545145,66,UKA,0.24210526315789474,1,MAPK15,CMGC,MAPK,ERK7
CDKL5,0.134896429512769,67,UKA,0.23157894736842105,1,CDKL5,CMGC,CDKL,NA
PKC[ALPHA],0.129596094720973,68,UKA,0.22105263157894736,1,PRKCA,AGC,PKC,ALPHA
PIM2,0.126098402135539,69,UKA,0.21052631578947367,1,PIM2,CAMK,PIM,NA
CDK4,0.114638779968488,70,UKA,0.2,1,CDK4,CMGC,CDK,CDK4
PKN1/PRK1,0.101274818410506,71,UKA,0.18947368421052632,1,PKN1,AGC,PKN,NA
CK1[ALPHA],0.100179497572904,72,UKA,0.17894736842105263,1,CSNK1A1,CK1,CK1,CK1-A
CDK3,0.0798766737092761,73,UKA,0.16842105263157894,1,CDK3,CMGC,CDK,CDC2
DYRK1A,0.0789138853071921,74,UKA,0.15789473684210525,1,DYRK1A,CMGC,DYRK,DYRK1
PIM3,0.0644927341752872,75,UKA,0.14736842105263157,1,PIM3,CAMK,PIM,NA
MSK1,0.0634862575211067,76,UKA,0.11578947368421053,1,RPS6KA5,AGC,RSK,MSK
MSK1,0.0634862575211067,76,UKA,0.11578947368421053,1,SIK1,CAMK,CAMKL,QIK
MAPKAPK2,0.0634862575211067,76,UKA,0.11578947368421053,1,MAPKAPK2,CAMK,MAPKAPK,MAPKAPK
RSK2,0.0634862575211067,76,UKA,0.11578947368421053,1,RPS6KA3,AGC,RSK,RSK
COT,0.0624821079826534,77,UKA,0.10526315789473684,1,MAP3K8,STE,STE-UNIQUE,NA
NUAK1,0.0609805111024448,78,UKA,0.09473684210526316,1,NUAK1,CAMK,CAMKL,NUAK
ADCK3,0.0594835150674328,79,UKA,0.08421052631578947,1,COQ8A,ATYPICAL,ABC1,ABC1-A
AURA/AUR2,0.0535477349869269,80,UKA,0.07368421052631578,1,AURKA,OTHER,AUR,NA
ALPHAK1,0.0511051080955046,81,UKA,0.06315789473684211,1,ALPK1,ATYPICAL,ALPHA,ALPHA-UNCLASSIFIED
ALPHAK1,0.0511051080955046,81,UKA,0.06315789473684211,1,ALPK3,ATYPICAL,ALPHA,ALPHA-UNCLASSIFIED
ROCK2,0.0381045263321496,82,UKA,0.05263157894736842,1,ROCK2,AGC,DMPK,ROCK
CDK5,0.0352690789463706,83,UKA,0.042105263157894736,1,CDK5,CMGC,CDK,CDK5
PIM1,0.0296531237699066,84,UKA,0.031578947368421054,1,PIM1,CAMK,PIM,NA
ROCK1,0.0204516252959049,85,UKA,0.021052631578947368,1,ROCK1,AGC,DMPK,ROCK
CHK2,0.0177287669604316,86,UKA,0.010526315789473684,1,CHEK2,CAMK,RAD53,NA
CDKL2,0.0127810004037403,87,UKA,0,1,CDKL2,CMGC,CDKL,NA
PKCH,3.223264301347177,1,KRSA,1,4,PRKCE,AGC,PKC,ETA
PKCH,3.223264301347177,1,KRSA,1,4,PRKCH,AGC,PKC,ETA
PAKB,2.8909696423310836,2,KRSA,0.9873417721518988,4,PAK4,STE,STE20,PAKB
PAKB,2.8909696423310836,2,KRSA,0.9873417721518988,4,PAK5,STE,STE20,PAKB
PAKB,2.8909696423310836,2,KRSA,0.9873417721518988,4,PAK6,STE,STE20,PAKB
PKCD,2.502411778011341,3,KRSA,0.9746835443037974,4,PRKCD,AGC,PKC,DELTA
PKCD,2.502411778011341,3,KRSA,0.9746835443037974,4,PRKCQ,AGC,PKC,DELTA
CDK,-2.235583406432895,4,KRSA,0.9620253164556962,4,CDK1,CMGC,CDK,CDC2
CDK,-2.235583406432895,4,KRSA,0.9620253164556962,4,CDK10,CMGC,CDK,CDK10
CDK,-2.235583406432895,4,KRSA,0.9620253164556962,4,CDK11A,NA,NA,NA
CDK,-2.235583406432895,4,KRSA,0.9620253164556962,4,CDK11B,NA,NA,NA
CDK,-2.235583406432895,4,KRSA,0.9620253164556962,4,CDK12,CMGC,CDK,CRK7
CDK,-2.235583406432895,4,KRSA,0.9620253164556962,4,CDK13,CMGC,CDK,CRK7
CDK,-2.235583406432895,4,KRSA,0.9620253164556962,4,CDK14,CMGC,CDK,PFTAIRE
CDK,-2.235583406432895,4,KRSA,0.9620253164556962,4,CDK15,CMGC,CDK,PFTAIRE
CDK,-2.235583406432895,4,KRSA,0.9620253164556962,4,CDK16,CMGC,CDK,PCTAIRE
CDK,-2.235583406432895,4,KRSA,0.9620253164556962,4,CDK17,CMGC,CDK,PCTAIRE
CDK,-2.235583406432895,4,KRSA,0.9620253164556962,4,CDK18,CMGC,CDK,PCTAIRE
CDK,-2.235583406432895,4,KRSA,0.9620253164556962,4,CDK19,CMGC,CDK,CDK8
CDK,-2.235583406432895,4,KRSA,0.9620253164556962,4,CDK2,CMGC,CDK,CDC2
CDK,-2.235583406432895,4,KRSA,0.9620253164556962,4,CDK20,CMGC,CDK,CCRK
CDK,-2.235583406432895,4,KRSA,0.9620253164556962,4,CDK3,CMGC,CDK,CDC2
CDK,-2.235583406432895,4,KRSA,0.9620253164556962,4,CDK4,CMGC,CDK,CDK4
CDK,-2.235583406432895,4,KRSA,0.9620253164556962,4,CDK5,CMGC,CDK,CDK5
CDK,-2.235583406432895,4,KRSA,0.9620253164556962,4,CDK6,CMGC,CDK,CDK4
CDK,-2.235583406432895,4,KRSA,0.9620253164556962,4,CDK7,CMGC,CDK,CDK7
CDK,-2.235583406432895,4,KRSA,0.9620253164556962,4,CDK8,CMGC,CDK,CDK8
CDK,-2.235583406432895,4,KRSA,0.9620253164556962,4,CDK9,CMGC,CDK,CDK9
BRSK,2.0509093511578387,5,KRSA,0.9493670886075949,4,BRSK1,CAMK,CAMKL,BRSK
BRSK,2.0509093511578387,5,KRSA,0.9493670886075949,4,BRSK2,CAMK,CAMKL,BRSK
MAPKAPK,-2.03565557988963,6,KRSA,0.9367088607594937,4,MAPKAPK2,CAMK,MAPKAPK,MAPKAPK
MAPKAPK,-2.03565557988963,6,KRSA,0.9367088607594937,4,MAPKAPK3,CAMK,MAPKAPK,MAPKAPK
MAPKAPK,-2.03565557988963,6,KRSA,0.9367088607594937,4,MAPKAPK5,CAMK,MAPKAPK,MAPKAPK
MAPKAPK,-2.03565557988963,6,KRSA,0.9367088607594937,4,MKNK1,CAMK,MAPKAPK,MNK
MAPKAPK,-2.03565557988963,6,KRSA,0.9367088607594937,4,MKNK2,CAMK,MAPKAPK,MNK
JNK,-2.0116531224359075,7,KRSA,0.9240506329113924,4,MAPK10,CMGC,MAPK,JNK
JNK,-2.0116531224359075,7,KRSA,0.9240506329113924,4,MAPK8,CMGC,MAPK,JNK
JNK,-2.0116531224359075,7,KRSA,0.9240506329113924,4,MAPK9,CMGC,MAPK,JNK
PASK,2.008921223848064,8,KRSA,0.9113924050632911,4,PASK,CAMK,CAMKL,PASK
BARK2,1.9849295820568589,9,KRSA,0.8987341772151899,4,GRK3,AGC,GRK,BARK
IKK,1.9009335861876089,10,KRSA,0.8860759493670886,4,CHUK,OTHER,IKK,NA
IKK,1.9009335861876089,10,KRSA,0.8860759493670886,4,IKBKB,OTHER,IKK,NA
IKK,1.9009335861876089,10,KRSA,0.8860759493670886,4,IKBKE,OTHER,IKK,NA
IKK,1.9009335861876089,10,KRSA,0.8860759493670886,4,TBK1,OTHER,IKK,NA
P38,-1.8993072669942188,11,KRSA,0.8734177215189873,4,MAPK11,CMGC,MAPK,P38
P38,-1.8993072669942188,11,KRSA,0.8734177215189873,4,MAPK12,CMGC,MAPK,P38
P38,-1.8993072669942188,11,KRSA,0.8734177215189873,4,MAPK13,CMGC,MAPK,P38
P38,-1.8993072669942188,11,KRSA,0.8734177215189873,4,MAPK14,CMGC,MAPK,P38
MELK,1.788738504727535,12,KRSA,0.8607594936708861,4,MELK,CAMK,CAMKL,MELK
GRK,-1.7842952791315976,13,KRSA,0.8481012658227848,4,GRK1,AGC,GRK,GRK
GRK,-1.7842952791315976,13,KRSA,0.8481012658227848,4,GRK4,AGC,GRK,GRK
GRK,-1.7842952791315976,13,KRSA,0.8481012658227848,4,GRK5,AGC,GRK,GRK
GRK,-1.7842952791315976,13,KRSA,0.8481012658227848,4,GRK6,AGC,GRK,GRK
GRK,-1.7842952791315976,13,KRSA,0.8481012658227848,4,GRK7,AGC,GRK,GRK
DYRK,-1.6145990991738666,14,KRSA,0.8354430379746836,4,DYRK1A,CMGC,DYRK,DYRK1
DYRK,-1.6145990991738666,14,KRSA,0.8354430379746836,4,DYRK1B,CMGC,DYRK,DYRK1
DYRK,-1.6145990991738666,14,KRSA,0.8354430379746836,4,DYRK2,CMGC,DYRK,DYRK2
DYRK,-1.6145990991738666,14,KRSA,0.8354430379746836,4,DYRK3,CMGC,DYRK,DYRK2
DYRK,-1.6145990991738666,14,KRSA,0.8354430379746836,4,DYRK4,CMGC,DYRK,DYRK2
DYRK,-1.6145990991738666,14,KRSA,0.8354430379746836,4,HIPK1,CMGC,DYRK,HIPK
DYRK,-1.6145990991738666,14,KRSA,0.8354430379746836,4,HIPK2,CMGC,DYRK,HIPK
DYRK,-1.6145990991738666,14,KRSA,0.8354430379746836,4,HIPK3,CMGC,DYRK,HIPK
DYRK,-1.6145990991738666,14,KRSA,0.8354430379746836,4,HIPK4,CMGC,DYRK,HIPK
DYRK,-1.6145990991738666,14,KRSA,0.8354430379746836,4,PRPF4B,CMGC,DYRK,PRP4
PKG,1.5629360730214663,15,KRSA,0.8227848101265823,4,PRKG1,AGC,PKG,NA
PKG,1.5629360730214663,15,KRSA,0.8227848101265823,4,PRKG2,AGC,PKG,NA
ERK,-1.5557228154651133,16,KRSA,0.810126582278481,4,MAPK1,CMGC,MAPK,ERK1
ERK,-1.5557228154651133,16,KRSA,0.810126582278481,4,MAPK15,CMGC,MAPK,ERK7
ERK,-1.5557228154651133,16,KRSA,0.810126582278481,4,MAPK3,CMGC,MAPK,ERK1
ERK,-1.5557228154651133,16,KRSA,0.810126582278481,4,MAPK4,CMGC,MAPK,ERK3
ERK,-1.5557228154651133,16,KRSA,0.810126582278481,4,MAPK6,CMGC,MAPK,ERK3
ERK,-1.5557228154651133,16,KRSA,0.810126582278481,4,MAPK7,CMGC,MAPK,ERK5
PKCI,1.386706453161228,17,KRSA,0.7974683544303798,4,PRKCI,AGC,PKC,IOTA
PKCI,1.386706453161228,17,KRSA,0.7974683544303798,4,PRKCZ,AGC,PKC,IOTA
STKR,-1.3294169411220682,18,KRSA,0.7848101265822784,4,ACVR1,TKL,STKR,TYPE1
STKR,-1.3294169411220682,18,KRSA,0.7848101265822784,4,ACVR1B,TKL,STKR,TYPE1
STKR,-1.3294169411220682,18,KRSA,0.7848101265822784,4,ACVR1C,TKL,STKR,TYPE1
STKR,-1.3294169411220682,18,KRSA,0.7848101265822784,4,ACVR2A,TKL,STKR,TYPE2
STKR,-1.3294169411220682,18,KRSA,0.7848101265822784,4,ACVR2B,TKL,STKR,TYPE2
STKR,-1.3294169411220682,18,KRSA,0.7848101265822784,4,ACVRL1,TKL,STKR,TYPE1
STKR,-1.3294169411220682,18,KRSA,0.7848101265822784,4,AMHR2,TKL,STKR,TYPE2
STKR,-1.3294169411220682,18,KRSA,0.7848101265822784,4,BMPR1A,TKL,STKR,TYPE1
STKR,-1.3294169411220682,18,KRSA,0.7848101265822784,4,BMPR1B,TKL,STKR,TYPE1
STKR,-1.3294169411220682,18,KRSA,0.7848101265822784,4,BMPR2,TKL,STKR,TYPE2
STKR,-1.3294169411220682,18,KRSA,0.7848101265822784,4,TGFBR1,TKL,STKR,TYPE1
STKR,-1.3294169411220682,18,KRSA,0.7848101265822784,4,TGFBR2,TKL,STKR,TYPE2
NDR,-1.1901467278335052,19,KRSA,0.7721518987341772,4,LATS1,AGC,NDR,NA
NDR,-1.1901467278335052,19,KRSA,0.7721518987341772,4,LATS2,AGC,NDR,NA
NDR,-1.1901467278335052,19,KRSA,0.7721518987341772,4,STK38,AGC,NDR,NA
NDR,-1.1901467278335052,19,KRSA,0.7721518987341772,4,STK38L,AGC,NDR,NA
PAKA,1.189730501713642,20,KRSA,0.759493670886076,4,PAK1,STE,STE20,PAKA
PAKA,1.189730501713642,20,KRSA,0.759493670886076,4,PAK2,STE,STE20,PAKA
PAKA,1.189730501713642,20,KRSA,0.759493670886076,4,PAK3,STE,STE20,PAKA
COT,1.1728999205229511,21,KRSA,0.7468354430379747,3,MAP3K8,STE,STE-UNIQUE,NA
CHK1,-1.122899116713174,22,KRSA,0.7341772151898734,3,CHEK1,CAMK,CAMKL,CHK1
MTOR,-1.0919087763661746,23,KRSA,0.7215189873417721,3,MTOR,ATYPICAL,PIKK,FRAP
NEK,1.0573502185063863,24,KRSA,0.7088607594936709,3,NEK11,OTHER,NEK,NEK11
NEK,1.0573502185063863,24,KRSA,0.7088607594936709,3,NEK2,OTHER,NEK,NEK2
NEK,1.0573502185063863,24,KRSA,0.7088607594936709,3,NEK3,OTHER,NEK,NEK1
NEK,1.0573502185063863,24,KRSA,0.7088607594936709,3,NEK4,OTHER,NEK,NEK4
NEK,1.0573502185063863,24,KRSA,0.7088607594936709,3,NEK5,OTHER,NEK,NEK1
NEK,1.0573502185063863,24,KRSA,0.7088607594936709,3,NEK6,OTHER,NEK,NEK6
NEK,1.0573502185063863,24,KRSA,0.7088607594936709,3,NEK7,OTHER,NEK,NEK6
NEK,1.0573502185063863,24,KRSA,0.7088607594936709,3,NEK8,OTHER,NEK,NEK8
NEK,1.0573502185063863,24,KRSA,0.7088607594936709,3,NEK9,OTHER,NEK,NEK8
PRKDC,-1.0421959286747111,25,KRSA,0.6962025316455697,3,PRKDC,ATYPICAL,PIKK,DNAPK
HAL,1.0229248964921571,26,KRSA,0.6835443037974683,3,NPR1,RGC,RGC,NA
MSN,-1.0141126354104042,27,KRSA,0.6708860759493671,3,MAP4K4,STE,STE20,MSN
MSN,-1.0141126354104042,27,KRSA,0.6708860759493671,3,NRK,STE,STE20,MSN
MSN,-1.0141126354104042,27,KRSA,0.6708860759493671,3,TNIK,STE,STE20,MSN
ATM,-0.9732645238508716,28,KRSA,0.6582278481012658,3,ATM,ATYPICAL,PIKK,ATM
AKT,0.9579644033428945,29,KRSA,0.6455696202531646,3,AKT1,AGC,AKT,NA
AKT,0.9579644033428945,29,KRSA,0.6455696202531646,3,AKT2,AGC,AKT,NA
AKT,0.9579644033428945,29,KRSA,0.6455696202531646,3,AKT3,AGC,AKT,NA
STE7,-0.9561393082310408,30,KRSA,0.6329113924050633,3,MAP2K1,STE,STE7,MEK1
STE7,-0.9561393082310408,30,KRSA,0.6329113924050633,3,MAP2K2,STE,STE7,MEK1
STE7,-0.9561393082310408,30,KRSA,0.6329113924050633,3,MAP2K3,STE,STE7,MEK3
STE7,-0.9561393082310408,30,KRSA,0.6329113924050633,3,MAP2K4,STE,STE7,MEK4
STE7,-0.9561393082310408,30,KRSA,0.6329113924050633,3,MAP2K5,STE,STE7,MEK5
STE7,-0.9561393082310408,30,KRSA,0.6329113924050633,3,MAP2K6,STE,STE7,MEK3
STE7,-0.9561393082310408,30,KRSA,0.6329113924050633,3,MAP2K7,STE,STE7,MEK7
LKB,-0.9468800391860314,31,KRSA,0.620253164556962,3,STK11,CAMK,CAMKL,LKB
NMO,-0.9390429251689772,32,KRSA,0.6075949367088608,3,NLK,CMGC,MAPK,NMO
MLK,0.9203171530565056,33,KRSA,0.5949367088607594,3,ILK,TKL,MLK,ILK
MLK,0.9203171530565056,33,KRSA,0.5949367088607594,3,MAP3K10,TKL,MLK,MLK
MLK,0.9203171530565056,33,KRSA,0.5949367088607594,3,MAP3K11,TKL,MLK,MLK
MLK,0.9203171530565056,33,KRSA,0.5949367088607594,3,MAP3K12,TKL,MLK,LZK
MLK,0.9203171530565056,33,KRSA,0.5949367088607594,3,MAP3K13,TKL,MLK,LZK
MLK,0.9203171530565056,33,KRSA,0.5949367088607594,3,MAP3K9,TKL,MLK,MLK
MLK,0.9203171530565056,33,KRSA,0.5949367088607594,3,TNNI3K,TKL,MLK,HH498
PKA,0.9005100093365687,34,KRSA,0.5822784810126582,3,PRKACA,AGC,PKA,NA
PKA,0.9005100093365687,34,KRSA,0.5822784810126582,3,PRKACB,AGC,PKA,NA
PKA,0.9005100093365687,34,KRSA,0.5822784810126582,3,PRKACG,AGC,PKA,NA
PKA,0.9005100093365687,34,KRSA,0.5822784810126582,3,PRKX,AGC,PKA,NA
PKA,0.9005100093365687,34,KRSA,0.5822784810126582,3,PRKY,AGC,PKA,NA
CAMK2,-0.8958149272200691,35,KRSA,0.569620253164557,3,CAMK2A,CAMK,CAMK2,NA
CAMK2,-0.8958149272200691,35,KRSA,0.569620253164557,3,CAMK2B,CAMK,CAMK2,NA
CAMK2,-0.8958149272200691,35,KRSA,0.569620253164557,3,CAMK2D,CAMK,CAMK2,NA
CAMK2,-0.8958149272200691,35,KRSA,0.569620253164557,3,CAMK2G,CAMK,CAMK2,NA
RIPK,-0.7586009206432737,36,KRSA,0.5569620253164557,3,ANKK1,TKL,RIPK,NA
RIPK,-0.7586009206432737,36,KRSA,0.5569620253164557,3,RIPK1,TKL,RIPK,NA
RIPK,-0.7586009206432737,36,KRSA,0.5569620253164557,3,RIPK2,TKL,RIPK,NA
RIPK,-0.7586009206432737,36,KRSA,0.5569620253164557,3,RIPK3,TKL,RIPK,NA
RIPK,-0.7586009206432737,36,KRSA,0.5569620253164557,3,RIPK4,TKL,RIPK,NA
"NAK",-0.7387431425487685,37,KRSA,0.5443037974683544,3,AAK1,OTHER,"NAK",BIKE
"NAK",-0.7387431425487685,37,KRSA,0.5443037974683544,3,BMP2K,OTHER,"NAK",BIKE
"NAK",-0.7387431425487685,37,KRSA,0.5443037974683544,3,GAK,OTHER,"NAK",GAK
"NAK",-0.7387431425487685,37,KRSA,0.5443037974683544,3,STK16,OTHER,"NAK",MPSK
DMPK,0.7349253135796927,38,KRSA,0.5316455696202531,3,CDC42BPA,AGC,DMPK,GEK
DMPK,0.7349253135796927,38,KRSA,0.5316455696202531,3,CDC42BPB,AGC,DMPK,GEK
DMPK,0.7349253135796927,38,KRSA,0.5316455696202531,3,CDC42BPG,AGC,DMPK,GEK
DMPK,0.7349253135796927,38,KRSA,0.5316455696202531,3,CIT,AGC,DMPK,CRIK
DMPK,0.7349253135796927,38,KRSA,0.5316455696202531,3,DMPK,AGC,DMPK,GEK
DMPK,0.7349253135796927,38,KRSA,0.5316455696202531,3,ROCK1,AGC,DMPK,ROCK
DMPK,0.7349253135796927,38,KRSA,0.5316455696202531,3,ROCK2,AGC,DMPK,ROCK
RAD53,-0.7311500744578122,39,KRSA,0.5189873417721519,3,CHEK2,CAMK,RAD53,NA
TTK,-0.7304838214350203,40,KRSA,0.5063291139240507,3,TTK,OTHER,TTK,NA
RAF,0.7251868320269327,41,KRSA,0.4936708860759494,2,ARAF,TKL,RAF,RAF
RAF,0.7251868320269327,41,KRSA,0.4936708860759494,2,BRAF,TKL,RAF,RAF
RAF,0.7251868320269327,41,KRSA,0.4936708860759494,2,KSR1,TKL,RAF,KSR
RAF,0.7251868320269327,41,KRSA,0.4936708860759494,2,KSR2,TKL,RAF,KSR
RAF,0.7251868320269327,41,KRSA,0.4936708860759494,2,RAF1,TKL,RAF,RAF
PKN,-0.7093659234341414,42,KRSA,0.4810126582278481,2,PKN1,AGC,PKN,NA
PKN,-0.7093659234341414,42,KRSA,0.4810126582278481,2,PKN2,AGC,PKN,NA
PKN,-0.7093659234341414,42,KRSA,0.4810126582278481,2,PKN3,AGC,PKN,NA
CAMK1,-0.6990153683081488,43,KRSA,0.46835443037974683,2,CAMK1,CAMK,CAMK1,NA
CAMK1,-0.6990153683081488,43,KRSA,0.46835443037974683,2,CAMK1D,CAMK,CAMK1,NA
CAMK1,-0.6990153683081488,43,KRSA,0.46835443037974683,2,CAMK1G,CAMK,CAMK1,NA
CAMK1,-0.6990153683081488,43,KRSA,0.46835443037974683,2,CAMK4,CAMK,CAMK1,NA
CAMK1,-0.6990153683081488,43,KRSA,0.46835443037974683,2,PNCK,CAMK,CAMK1,NA
PKD,0.6960476069378678,44,KRSA,0.45569620253164556,2,PRKD1,CAMK,PKD,NA
PKD,0.6960476069378678,44,KRSA,0.45569620253164556,2,PRKD2,CAMK,PKD,NA
PKD,0.6960476069378678,44,KRSA,0.45569620253164556,2,PRKD3,CAMK,PKD,NA
NUAK,-0.6946077549466746,45,KRSA,0.4430379746835443,2,NUAK1,CAMK,CAMKL,NUAK
NUAK,-0.6946077549466746,45,KRSA,0.4430379746835443,2,NUAK2,CAMK,CAMKL,NUAK
GSK,-0.6931335588631625,46,KRSA,0.43037974683544306,2,GSK3A,CMGC,GSK,NA
GSK,-0.6931335588631625,46,KRSA,0.43037974683544306,2,GSK3B,CMGC,GSK,NA
TLK,-0.6898920029692877,47,KRSA,0.4177215189873418,2,TLK1,OTHER,TLK,NA
TLK,-0.6898920029692877,47,KRSA,0.4177215189873418,2,TLK2,OTHER,TLK,NA
AUR,0.6536756239794953,48,KRSA,0.4050632911392405,2,AURKA,OTHER,AUR,NA
AUR,0.6536756239794953,48,KRSA,0.4050632911392405,2,AURKB,OTHER,AUR,NA
AUR,0.6536756239794953,48,KRSA,0.4050632911392405,2,AURKC,OTHER,AUR,NA
PDK1,-0.6409055427116104,49,KRSA,0.3924050632911392,2,PDK1,ATYPICAL,PDHK,PDHK
PDK1,-0.6409055427116104,49,KRSA,0.3924050632911392,2,PDPK1,AGC,PDK1,NA
PKCA,0.6163983633397655,50,KRSA,0.379746835443038,2,PRKCA,AGC,PKC,ALPHA
PKCA,0.6163983633397655,50,KRSA,0.379746835443038,2,PRKCB,AGC,PKC,ALPHA
PKCA,0.6163983633397655,50,KRSA,0.379746835443038,2,PRKCG,AGC,PKC,ALPHA
FRAY,0.6025816325196885,51,KRSA,0.3670886075949367,2,OXSR1,STE,STE20,FRAY
FRAY,0.6025816325196885,51,KRSA,0.3670886075949367,2,STK39,STE,STE20,FRAY
IRAK,-0.5434512170727762,52,KRSA,0.35443037974683544,2,IRAK1,TKL,IRAK,NA
IRAK,-0.5434512170727762,52,KRSA,0.35443037974683544,2,IRAK2,TKL,IRAK,NA
IRAK,-0.5434512170727762,52,KRSA,0.35443037974683544,2,IRAK3,TKL,IRAK,NA
IRAK,-0.5434512170727762,52,KRSA,0.35443037974683544,2,IRAK4,TKL,IRAK,NA
KHS,-0.5193325997916453,53,KRSA,0.34177215189873417,2,MAP4K1,STE,STE20,KHS
KHS,-0.5193325997916453,53,KRSA,0.34177215189873417,2,MAP4K2,STE,STE20,KHS
KHS,-0.5193325997916453,53,KRSA,0.34177215189873417,2,MAP4K3,STE,STE20,KHS
KHS,-0.5193325997916453,53,KRSA,0.34177215189873417,2,MAP4K5,STE,STE20,KHS
NIK,-0.506115862556844,54,KRSA,0.3291139240506329,2,MAP3K14,STE,STE-UNIQUE,NA
CK1,-0.5060175436704266,55,KRSA,0.31645569620253167,2,CSNK1A1,CK1,CK1,CK1-A
CK1,-0.5060175436704266,55,KRSA,0.31645569620253167,2,CSNK1A1L,CK1,CK1,CK1-A
CK1,-0.5060175436704266,55,KRSA,0.31645569620253167,2,CSNK1D,CK1,CK1,CK1-D
CK1,-0.5060175436704266,55,KRSA,0.31645569620253167,2,CSNK1E,CK1,CK1,CK1-D
CK1,-0.5060175436704266,55,KRSA,0.31645569620253167,2,CSNK1G1,CK1,CK1,CK1-G
CK1,-0.5060175436704266,55,KRSA,0.31645569620253167,2,CSNK1G2,CK1,CK1,CK1-G
CK1,-0.5060175436704266,55,KRSA,0.31645569620253167,2,CSNK1G3,CK1,CK1,CK1-G
CK1,-0.5060175436704266,55,KRSA,0.31645569620253167,2,TTBK1,CK1,TTBK,NA
CK1,-0.5060175436704266,55,KRSA,0.31645569620253167,2,TTBK2,CK1,TTBK,NA
CK1,-0.5060175436704266,55,KRSA,0.31645569620253167,2,VRK3,CK1,VRK,NA
SLK,-0.5053365556993195,56,KRSA,0.3037974683544304,2,SLK,STE,STE20,SLK
SLK,-0.5053365556993195,56,KRSA,0.3037974683544304,2,STK10,STE,STE20,SLK
WNK,-0.4975307085886971,57,KRSA,0.2911392405063291,2,WNK1,OTHER,WNK,NA
WNK,-0.4975307085886971,57,KRSA,0.2911392405063291,2,WNK2,OTHER,WNK,NA
WNK,-0.4975307085886971,57,KRSA,0.2911392405063291,2,WNK3,OTHER,WNK,NA
WNK,-0.4975307085886971,57,KRSA,0.2911392405063291,2,WNK4,OTHER,WNK,NA
CLK,-0.4920517318659677,58,KRSA,0.27848101265822783,2,CLK1,CMGC,CLK,NA
CLK,-0.4920517318659677,58,KRSA,0.27848101265822783,2,CLK2,CMGC,CLK,NA
CLK,-0.4920517318659677,58,KRSA,0.27848101265822783,2,CLK3,CMGC,CLK,NA
CLK,-0.4920517318659677,58,KRSA,0.27848101265822783,2,CLK4,CMGC,CLK,NA
ULK,-0.4842010091727924,59,KRSA,0.26582278481012656,2,STK36,OTHER,ULK,FUSED
ULK,-0.4842010091727924,59,KRSA,0.26582278481012656,2,ULK1,OTHER,ULK,ULK
ULK,-0.4842010091727924,59,KRSA,0.26582278481012656,2,ULK2,OTHER,ULK,ULK
ULK,-0.4842010091727924,59,KRSA,0.26582278481012656,2,ULK3,OTHER,ULK,ULK
ULK,-0.4842010091727924,59,KRSA,0.26582278481012656,2,ULK4,OTHER,ULK,ULK
QIK,-0.4836362037405276,60,KRSA,0.25316455696202533,2,SIK1,CAMK,CAMKL,QIK
QIK,-0.4836362037405276,60,KRSA,0.25316455696202533,2,SIK2,CAMK,CAMKL,QIK
MOS,-0.4834143039525054,61,KRSA,0.24050632911392406,1,MOS,OTHER,MOS,NA
BUD32,-0.4755296508151879,62,KRSA,0.22784810126582278,1,TP53RK,OTHER,BUD32,NA
CAMKK,-0.4715746394652675,63,KRSA,0.21518987341772153,1,CAMKK1,OTHER,CAMKK,META
CAMKK,-0.4715746394652675,63,KRSA,0.21518987341772153,1,CAMKK2,OTHER,CAMKK,META
TAO,-0.4684041406994501,64,KRSA,0.20253164556962025,1,TAOK1,STE,STE20,TAO
TAO,-0.4684041406994501,64,KRSA,0.20253164556962025,1,TAOK2,STE,STE20,TAO
TAO,-0.4684041406994501,64,KRSA,0.20253164556962025,1,TAOK3,STE,STE20,TAO
AMPK,-0.4526099188897675,65,KRSA,0.189873417721519,1,PRKAA1,CAMK,CAMKL,AMPK
AMPK,-0.4526099188897675,65,KRSA,0.189873417721519,1,PRKAA2,CAMK,CAMKL,AMPK
ATR,-0.4517998986503242,66,KRSA,0.17721518987341772,1,ATR,ATYPICAL,PIKK,ATR
SGK,0.41849180867045854,67,KRSA,0.16455696202531644,1,SGK1,AGC,SGK,NA
SGK,0.41849180867045854,67,KRSA,0.16455696202531644,1,SGK2,AGC,SGK,NA
SGK,0.41849180867045854,67,KRSA,0.16455696202531644,1,SGK3,AGC,SGK,NA
CK2,0.399099606476837,68,KRSA,0.1518987341772152,1,CSNK2A1,CMGC,CK2,NA
CK2,0.399099606476837,68,KRSA,0.1518987341772152,1,CSNK2A2,CMGC,CK2,NA
CK2,0.399099606476837,68,KRSA,0.1518987341772152,1,CSNK2A3,NA,NA,NA
PIM,0.363807102072004,69,KRSA,0.13924050632911392,1,PIM1,CAMK,PIM,NA
PIM,0.363807102072004,69,KRSA,0.13924050632911392,1,PIM2,CAMK,PIM,NA
PIM,0.363807102072004,69,KRSA,0.13924050632911392,1,PIM3,CAMK,PIM,NA
PLK,0.3523909181505091,70,KRSA,0.12658227848101267,1,PLK1,OTHER,PLK,PLK1
PLK,0.3523909181505091,70,KRSA,0.12658227848101267,1,PLK2,OTHER,PLK,PLK2
PLK,0.3523909181505091,70,KRSA,0.12658227848101267,1,PLK3,OTHER,PLK,PLK2
PLK,0.3523909181505091,70,KRSA,0.12658227848101267,1,PLK4,OTHER,PLK,SAK
PLK,0.3523909181505091,70,KRSA,0.12658227848101267,1,PLK5,NA,NA,NA
PEK,0.3389259314512386,71,KRSA,0.11392405063291139,1,EIF2AK1,OTHER,PEK,HRI
PEK,0.3389259314512386,71,KRSA,0.11392405063291139,1,EIF2AK2,OTHER,PEK,PKR
PEK,0.3389259314512386,71,KRSA,0.11392405063291139,1,EIF2AK3,OTHER,PEK,PEK
PEK,0.3389259314512386,71,KRSA,0.11392405063291139,1,EIF2AK4,OTHER,PEK,GCN2
RSK,-0.20797081889074764,72,KRSA,0.10126582278481013,1,RPS6KA1,AGC,RSK,RSK
RSK,-0.20797081889074764,72,KRSA,0.10126582278481013,1,RPS6KA2,AGC,RSK,RSK
RSK,-0.20797081889074764,72,KRSA,0.10126582278481013,1,RPS6KA3,AGC,RSK,RSK
RSK,-0.20797081889074764,72,KRSA,0.10126582278481013,1,RPS6KA4,AGC,RSK,MSK
RSK,-0.20797081889074764,72,KRSA,0.10126582278481013,1,RPS6KA5,AGC,RSK,MSK
RSK,-0.20797081889074764,72,KRSA,0.10126582278481013,1,RPS6KA6,AGC,RSK,RSK
RSK,-0.20797081889074764,72,KRSA,0.10126582278481013,1,RPS6KB1,AGC,RSK,P70
RSK,-0.20797081889074764,72,KRSA,0.10126582278481013,1,RPS6KB2,AGC,RSK,P70
PDHK,-0.16135823773657065,74,KRSA,0.0759493670886076,1,BCKDK,ATYPICAL,PDHK,BCKDK
PDHK,-0.16135823773657065,74,KRSA,0.0759493670886076,1,PDK2,ATYPICAL,PDHK,PDHK
PDHK,-0.16135823773657065,74,KRSA,0.0759493670886076,1,PDK3,ATYPICAL,PDHK,PDHK
PDHK,-0.16135823773657065,74,KRSA,0.0759493670886076,1,PDK4,ATYPICAL,PDHK,PDHK
DAPK,0.13672998062579358,75,KRSA,0.06329113924050633,1,DAPK1,CAMK,DAPK,DAPK
DAPK,0.13672998062579358,75,KRSA,0.06329113924050633,1,DAPK2,CAMK,DAPK,DAPK
DAPK,0.13672998062579358,75,KRSA,0.06329113924050633,1,DAPK3,CAMK,DAPK,DAPK
DAPK,0.13672998062579358,75,KRSA,0.06329113924050633,1,STK17A,CAMK,DAPK,DRAK
DAPK,0.13672998062579358,75,KRSA,0.06329113924050633,1,STK17B,CAMK,DAPK,DRAK
PHK,-0.10336899919353892,76,KRSA,0.05063291139240506,1,PHKG1,CAMK,PHK,NA
PHK,-0.10336899919353892,76,KRSA,0.05063291139240506,1,PHKG2,CAMK,PHK,NA
MST,-0.01906121647723862,77,KRSA,0.0379746835443038,1,STK3,STE,STE20,MST
MST,-0.01906121647723862,77,KRSA,0.0379746835443038,1,STK4,STE,STE20,MST
MLCK,-0.01772151295032093,78,KRSA,0.02531645569620253,1,MYLK,CAMK,MLCK,NA
MLCK,-0.01772151295032093,78,KRSA,0.02531645569620253,1,MYLK2,CAMK,MLCK,NA
MLCK,-0.01772151295032093,78,KRSA,0.02531645569620253,1,TTN,CAMK,MLCK,NA
VRK1,0.00842835142938405,79,KRSA,0.012658227848101266,1,VRK1,CK1,VRK,NA
STE11,0,80,KRSA,0,1,MAP3K1,STE,STE11,MEKK1
STE11,0,80,KRSA,0,1,MAP3K15,STE,STE11,ASK
STE11,0,80,KRSA,0,1,MAP3K2,STE,STE11,MEKK2
STE11,0,80,KRSA,0,1,MAP3K3,STE,STE11,MEKK2
STE11,0,80,KRSA,0,1,MAP3K4,STE,STE11,MEKK4
STE11,0,80,KRSA,0,1,MAP3K5,STE,STE11,ASK
STE11,0,80,KRSA,0,1,MAP3K6,STE,STE11,ASK
STE11,0,80,KRSA,0,1,MAP3K7,TKL,MLK,TAK1
