Kinase,HGNC,Perc,PTMSEA,KEA3,UKA,KRSA,CombinedScore,Percentile,Rescaled
SGK1,SGK1,0.6451612903225806,0.6451612903225806,-1,-1,-1,0.3057904494571744,38,0.35426724094562984
CHEK1,CHEK1,0.9516129032258064,0.9516129032258064,-1,-1,-1,0.32932339409189554,51,0.44998645773629947
AURKA,AURKA,0.9032258064516128,0.9032258064516128,-1,-1,-1,0.3256076659916764,49,0.43487289719040423
DAPK3,DAPK3,0,0,-1,-1,-1,0.2562474081209193,11,0.15275310033369374
RPS6KA5,RPS6KA5,0,0,-1,-1,-1,0.2562474081209193,11,0.15275310033369374
CHEK2,CHEK2,0.935483870967742,0.935483870967742,-1,-1,-1,0.3280848180584892,50,0.4449486042210013
RAF1,RAF1,0.7258064516129032,0.7258064516129032,-1,-1,-1,0.3119833296242063,41,0.3794565085221219
PRKCG,PRKCG,0,0,-1,-1,-1,0.2562474081209193,11,0.15275310033369374
PRKCB,PRKCB,0.6774193548387096,0.6774193548387096,-1,-1,-1,0.30826760152398713,39,0.3643429479762267
CDK1,CDK1,0.3548387096774194,0.3548387096774194,-1,-1,-1,0.2834960808558596,28,0.2635858776702586
ARAF,ARAF,0.8225806451612904,0.8225806451612904,-1,-1,-1,0.31941478582464455,46,0.4096836296139124
PIM1,PIM1,0.8870967741935484,0.8870967741935484,-1,-1,-1,0.3243690899582701,48,0.42983504367510605
CDK4,CDK4,0,0,-1,-1,-1,0.2562474081209193,12,0.15275310033369374
SRC,SRC,0,0,-1,-1,-1,0.2562474081209193,12,0.15275310033369374
BRAF,BRAF,0.8225806451612904,0.8225806451612904,-1,-1,-1,0.31941478582464455,46,0.4096836296139124
PRKCA,PRKCA,0.3387096774193548,0.3387096774193548,-1,-1,-1,0.2822575048224532,27,0.2585480241549602
PRKACA,PRKACA,0.27419354838709675,0.27419354838709675,-1,-1,-1,0.2773032006888277,25,0.23839661009376653
PRKACG,PRKACG,0.4516129032258064,0.4516129032258064,-1,-1,-1,0.29092753705629787,31,0.2938129987620491
PRKACB,PRKACB,0.7258064516129032,0.7258064516129032,-1,-1,-1,0.3119833296242063,41,0.3794565085221219
RPS6KB1,RPS6KB1,0.24193548387096775,0.24193548387096775,-1,-1,-1,0.27482604862201493,23,0.2283209030631697
CDK2,CDK2,0.3548387096774194,0.3548387096774194,-1,-1,-1,0.2834960808558596,28,0.2635858776702586
MAPK3,MAPK3,0.532258064516129,0.532258064516129,-1,-1,-1,0.2971204172233297,34,0.31900226633854095
MAPK1,MAPK1,0.532258064516129,0.532258064516129,-1,-1,-1,0.2971204172233297,34,0.31900226633854095
AKT1,AKT1,0.20967741935483872,0.20967741935483872,-1,-1,-1,0.27234889655520217,23,0.2182451960325729
AKT2,AKT2,0.7096774193548387,0.7096774193548387,-1,-1,-1,0.3107447535907999,41,0.3744186550068235
MAP3K8,MAP3K8,0.43548387096774194,0.43548387096774194,-1,-1,-1,0.2896889610228915,30,0.2887751452467507
PRKCI,PRKCI,0.7258064516129032,0.7258064516129032,-1,-1,-1,0.3119833296242063,41,0.3794565085221219
MTOR,MTOR,0,0,-1,-1,-1,0.2562474081209193,12,0.15275310033369374
MAPK8,MAPK8,0.7903225806451613,0.7903225806451613,-1,-1,-1,0.3169376337578318,44,0.39960792258331557
MAPK9,MAPK9,0,0,-1,-1,-1,0.2562474081209193,12,0.15275310033369374
CSNK1A1,CSNK1A1,0,0,-1,-1,-1,0.2562474081209193,12,0.15275310033369374
CSNK1D,CSNK1D,0,0,-1,-1,-1,0.2562474081209193,12,0.15275310033369374
MAPKAPK2,MAPKAPK2,0.4032258064516129,0.4032258064516129,-1,-1,-1,0.28721180895607873,29,0.27869943821615384
GSK3B,GSK3B,0.5,0.5,-1,-1,-1,0.29464326515651695,33,0.3089265593079441
RPS6KA3,RPS6KA3,0.6612903225806451,0.6612903225806451,-1,-1,-1,0.30702902549058075,39,0.35930509446092823
DAPK1,DAPK1,0.8709677419354839,0.8709677419354839,-1,-1,-1,0.32313051392486364,48,0.4247971901598074
PRKAA2,PRKAA2,0.3064516129032258,0.3064516129032258,-1,-1,-1,0.27978035275564045,26,0.24847231712436338
CSNK2A1,CSNK2A1,0.9193548387096774,0.9193548387096774,-1,-1,-1,0.3268462420250828,50,0.4399107507057026
PRKDC,PRKDC,0.967741935483871,0.967741935483871,-1,-1,-1,0.330561970125302,52,0.4550243112515981
ATM,ATM,0.4838709677419355,0.4838709677419355,-1,-1,-1,0.2934046891231106,32,0.3038887057926457
AURKB,AURKB,0.5967741935483871,0.5967741935483871,-1,-1,-1,0.30207472135695523,36,0.3391536803997346
CDK5,CDK5,1,1,-1,-1,-1,0.33303912219211473,53,0.46510001828219494
PRKCE,PRKCE,0.6129032258064516,0.6129032258064516,-1,-1,-1,0.3033132973903616,37,0.344191533915033
PRKCQ,PRKCQ,0.8548387096774194,0.8548387096774194,-1,-1,-1,0.3218919378914573,47,0.4197593366445092
PRKCZ,PRKCZ,0.3870967741935484,0.3870967741935484,-1,-1,-1,0.28597323292267235,29,0.27366158470085544
PRKCD,PRKCD,0.2258064516129032,0.2258064516129032,-1,-1,-1,0.27358747258860855,23,0.2232830495478713
PRKAA1,PRKAA1,0.2903225806451613,0.2903225806451613,-1,-1,-1,0.27854177672223407,25,0.24343446360906495
PAK1,PAK1,0.6935483870967742,0.6935483870967742,-1,-1,-1,0.30950617755739357,40,0.3693808014915253
PAK2,PAK2,0.46774193548387094,0.46774193548387094,-1,-1,-1,0.2921661130897042,32,0.29885085227734726
PRKG2,PRKG2,0.6290322580645161,0.6290322580645161,-1,-1,-1,0.304551873423768,38,0.34922938743033144
ATR,ATR,0.9838709677419356,0.9838709677419356,-1,-1,-1,0.3318005461587083,53,0.4600621647668963
CAMK2G,CAMK2G,0,0,-1,-1,-1,0.2562474081209193,12,0.15275310033369374
DYRK1A,DYRK1A,0.5161290322580645,0.5161290322580645,-1,-1,-1,0.2958818411899234,33,0.3139644128232428
PRKG1,PRKG1,0.3225806451612903,0.3225806451612903,-1,-1,-1,0.28101892878904683,26,0.2535101706396618
PRKD1,PRKD1,0.41935483870967744,0.41935483870967744,-1,-1,-1,0.2884503849894851,30,0.2837372917314523
RPS6KA2,RPS6KA2,0.5806451612903226,0.5806451612903226,-1,-1,-1,0.30083614532354885,36,0.3341158268844362
RPS6KA1,RPS6KA1,0.25806451612903225,0.25806451612903225,-1,-1,-1,0.2760646246554213,24,0.23335875657846814
MAPK14,MAPK14,0,0,-1,-1,-1,0.2562474081209193,12,0.15275310033369374
PIM3,PIM3,0.7258064516129032,0.7258064516129032,-1,-1,-1,0.3119833296242063,41,0.3794565085221219
PASK,PASK,0,0,-1,-1,-1,0.2562474081209193,13,0.15275310033369374
VRK1,VRK1,0,0,-1,-1,-1,0.2562474081209193,13,0.15275310033369374
PIM2,PIM2,0.8064516129032258,0.8064516129032258,-1,-1,-1,0.3181762097912381,45,0.40464577609861374
AKT3,AKT3,0.5645161290322581,0.5645161290322581,-1,-1,-1,0.2995975692901425,35,0.32907797336913774
AAK1,AAK1,0.09428571428571428,-1,0.09428571428571428,-1,-1,0.24187297208877984,5,0.09428571428571429
ABL1,ABL1,0.9571428571428572,-1,0.9571428571428572,-1,-1,0.454009782766384,98,0.9571428571428572
ABL2,ABL2,0.4,-1,0.4,-1,-1,0.3170340275275336,44,0.4
ACVR1,ACVR1,0.7428571428571429,-1,0.7428571428571429,-1,-1,0.4013267999822108,88,0.7428571428571431
ACVR1B,ACVR1B,0.3314285714285714,-1,0.3314285714285714,-1,-1,0.3001754730365982,36,0.3314285714285714
ACVR2B,ACVR2B,0.2857142857142857,-1,0.2857142857142857,-1,-1,0.2889364367093079,30,0.2857142857142857
AKT1,AKT1,0.9771428571428572,-1,0.9771428571428572,-1,-1,0.45892686115957343,99,0.9771428571428569
AKT2,AKT2,0.8485714285714285,-1,0.8485714285714285,-1,-1,0.42731707148906956,93,0.8485714285714285
AKT3,AKT3,0.5257142857142857,-1,0.5257142857142857,-1,-1,0.3479413774275819,59,0.5257142857142857
ALK,ALK,0.92,-1,0.92,-1,-1,0.4448780657504607,96,0.9200000000000003
ARAF,ARAF,0.6685714285714286,-1,0.6685714285714286,-1,-1,0.38306336595036405,75,0.6685714285714286
ATM,ATM,0.7028571428571428,-1,0.7028571428571428,-1,-1,0.39149264319583177,83,0.7028571428571428
ATR,ATR,0.9,-1,0.9,-1,-1,0.4399609873572711,95,0.9
AURKA,AURKA,0.9542857142857144,-1,0.9542857142857144,-1,-1,0.4533073429959283,98,0.9542857142857141
AURKB,AURKB,0.7485714285714286,-1,0.7485714285714286,-1,-1,0.40273167952312205,88,0.7485714285714286
AURKC,AURKC,0.3514285714285714,-1,0.3514285714285714,-1,-1,0.3050925514297877,38,0.3514285714285714
AXL,AXL,0.3057142857142857,-1,0.3057142857142857,-1,-1,0.29385351510249735,32,0.3057142857142855
BLK,BLK,0.18857142857142856,-1,0.18857142857142856,-1,-1,0.26505348451381605,17,0.18857142857142858
BMP2K,BMP2K,0.03428571428571429,-1,0.03428571428571429,-1,-1,0.22712173690921134,2,0.03428571428571429
BMPR1A,BMPR1A,0.5342857142857143,-1,0.5342857142857143,-1,-1,0.35004869673894884,60,0.5342857142857143
BMPR1B,BMPR1B,0.6371428571428571,-1,0.6371428571428571,-1,-1,0.375336528475352,72,0.6371428571428571
BMPR2,BMPR2,0.24571428571428572,-1,0.24571428571428572,-1,-1,0.2791022799229289,26,0.24571428571428572
BMX,BMX,0.5914285714285714,-1,0.5914285714285714,-1,-1,0.3640974921480617,67,0.5914285714285714
BRAF,BRAF,0.4257142857142857,-1,0.4257142857142857,-1,-1,0.32335598546163435,48,0.4257142857142855
BRSK1,BRSK1,0.24285714285714283,-1,0.24285714285714283,-1,-1,0.27839984015247327,25,0.24285714285714285
BRSK2,BRSK2,0.07714285714285714,-1,0.07714285714285714,-1,-1,0.23765833346604598,4,0.07714285714285714
BTK,BTK,0.7885714285714286,-1,0.7885714285714286,-1,-1,0.4125658363095011,90,0.7885714285714288
BUB1,BUB1,0.6514285714285715,-1,0.6514285714285715,-1,-1,0.3788487273276302,73,0.6514285714285715
CAMK1,CAMK1,0.4742857142857143,-1,0.4742857142857143,-1,-1,0.33529746155938034,54,0.4742857142857143
CAMK1D,CAMK1D,0.21428571428571427,-1,0.21428571428571427,-1,-1,0.27137544244791684,21,0.21428571428571427
CAMK2A,CAMK2A,0.8428571428571429,-1,0.8428571428571429,-1,-1,0.4259121919481582,93,0.8428571428571426
CAMK2B,CAMK2B,0.2714285714285714,-1,0.2714285714285714,-1,-1,0.28542423785702964,28,0.2714285714285712
CAMK2D,CAMK2D,0.7342857142857143,-1,0.7342857142857143,-1,-1,0.39921948067084384,87,0.7342857142857143
CAMK2G,CAMK2G,0.9485714285714286,-1,0.9485714285714286,-1,-1,0.45190246345501706,98,0.9485714285714286
CAMK4,CAMK4,0.78,-1,0.78,-1,-1,0.4104585169981341,89,0.78
CAMKK1,CAMKK1,0.6142857142857143,-1,0.6142857142857143,-1,-1,0.36971701031170684,70,0.6142857142857143
CAMKK2,CAMKK2,0.4057142857142857,-1,0.4057142857142857,-1,-1,0.31843890706844485,45,0.40571428571428547
CDC42BPA,CDC42BPA,0.13428571428571429,-1,0.13428571428571429,-1,-1,0.25170712887515884,10,0.13428571428571429
CDC7,CDC7,0.3171428571428571,-1,0.3171428571428571,-1,-1,0.2966632741843199,34,0.3171428571428569
CDK1,CDK1,0.9285714285714286,-1,0.9285714285714286,-1,-1,0.4469853850618275,97,0.9285714285714284
CDK11A,CDK11A,0.02,-1,0.02,-1,-1,0.2236095380569331,1,0.019999999999999886
CDK12,CDK12,0.05428571428571428,-1,0.05428571428571428,-1,-1,0.23203881530240084,3,0.054285714285714284
CDK15,CDK15,0.17714285714285713,-1,0.17714285714285713,-1,-1,0.2622437254319935,15,0.17714285714285713
CDK16,CDK16,0.2,-1,0.2,-1,-1,0.2678632435956386,19,0.2
CDK18,CDK18,0.23714285714285716,-1,0.23714285714285716,-1,-1,0.276994960611562,24,0.23714285714285716
CDK19,CDK19,0.29714285714285715,-1,0.29714285714285715,-1,-1,0.2917461957911305,32,0.29714285714285715
CDK2,CDK2,0.9885714285714284,-1,0.9885714285714284,-1,-1,0.46173662024139595,100,0.9885714285714281
CDK20,CDK20,0.3142857142857143,-1,0.3142857142857143,-1,-1,0.29596083441386434,33,0.3142857142857143
CDK3,CDK3,0.8142857142857143,-1,0.8142857142857143,-1,-1,0.41888779424360184,91,0.8142857142857143
CDK4,CDK4,0.8828571428571429,-1,0.8828571428571429,-1,-1,0.43574634873453727,95,0.8828571428571429
CDK5,CDK5,0.9428571428571428,-1,0.9428571428571428,-1,-1,0.4504975839141057,98,0.9428571428571426
CDK6,CDK6,0.8771428571428571,-1,0.8771428571428571,-1,-1,0.43434146919362593,94,0.8771428571428569
CDK7,CDK7,0.9114285714285716,-1,0.9114285714285716,-1,-1,0.4427707464390937,96,0.9114285714285715
CDK8,CDK8,0.5,-1,0.5,-1,-1,0.34161941949348107,56,0.4999999999999998
CDK9,CDK9,0.9342857142857144,-1,0.9342857142857144,-1,-1,0.44839026460273884,97,0.9342857142857143
CDKL3,CDKL3,0.08571428571428572,-1,0.08571428571428572,-1,-1,0.23976565277741288,5,0.0857142857142856
CDKL5,CDKL5,0.72,-1,0.72,-1,-1,0.3957072818185657,85,0.7200000000000002
CHEK1,CHEK1,0.96,-1,0.96,-1,-1,0.4547122225368396,98,0.96
CHEK2,CHEK2,0.8085714285714286,-1,0.8085714285714286,-1,-1,0.4174829147026906,91,0.8085714285714288
CHUK,CHUK,0.8971428571428571,-1,0.8971428571428571,-1,-1,0.43925854758681554,95,0.8971428571428574
CLK1,CLK1,0.4457142857142858,-1,0.4457142857142858,-1,-1,0.3282730638548239,50,0.44571428571428573
CLK2,CLK2,0.7542857142857143,-1,0.7542857142857143,-1,-1,0.4041365590640333,88,0.7542857142857141
CLK3,CLK3,0.35428571428571426,-1,0.35428571428571426,-1,-1,0.30579499120024334,38,0.35428571428571426
CLK4,CLK4,0.04,-1,0.04,-1,-1,0.22852661645012262,2,0.04
CSF1R,CSF1R,0.01428571428571428,-1,0.01428571428571428,-1,-1,0.2222046585160218,1,0.014285714285714173
CSK,CSK,0.3742857142857143,-1,0.3742857142857143,-1,-1,0.31071206959343284,41,0.3742857142857143
CSNK1A1,CSNK1A1,0.8571428571428571,-1,0.8571428571428571,-1,-1,0.4294243908004365,93,0.8571428571428571
CSNK1A1L,CSNK1A1L,0.00285714285714285,-1,0.00285714285714285,-1,-1,0.21939489943419924,1,0.0028571428571427444
CSNK1D,CSNK1D,0.8485714285714285,-1,0.8485714285714285,-1,-1,0.42731707148906956,93,0.8485714285714285
CSNK1E,CSNK1E,0.5314285714285715,-1,0.5314285714285715,-1,-1,0.34934625696849325,60,0.5314285714285717
CSNK1G1,CSNK1G1,0.5057142857142857,-1,0.5057142857142857,-1,-1,0.3430242990343924,57,0.5057142857142857
CSNK1G2,CSNK1G2,0.26285714285714284,-1,0.26285714285714284,-1,-1,0.28331691854566277,27,0.26285714285714284
CSNK1G3,CSNK1G3,0.18285714285714288,-1,0.18285714285714288,-1,-1,0.26364860497290477,16,0.18285714285714286
CSNK2A1,CSNK2A1,0.8628571428571429,-1,0.8628571428571429,-1,-1,0.4308292703413477,94,0.8628571428571427
CSNK2A2,CSNK2A2,0.6571428571428571,-1,0.6571428571428571,-1,-1,0.3802536068685415,74,0.6571428571428571
DAPK1,DAPK1,0.8371428571428572,-1,0.8371428571428572,-1,-1,0.424507312407247,92,0.8371428571428572
DAPK3,DAPK3,0.7828571428571428,-1,0.7828571428571428,-1,-1,0.41116095676858977,90,0.7828571428571428
DCLK1,DCLK1,0.17142857142857143,-1,0.17142857142857143,-1,-1,0.2608388458910822,15,0.17142857142857143
DDR1,DDR1,0.6057142857142858,-1,0.6057142857142858,-1,-1,0.3676096910003399,69,0.6057142857142858
DDR2,DDR2,0.3342857142857143,-1,0.3342857142857143,-1,-1,0.3008779128070538,36,0.3342857142857141
DMPK,DMPK,0.5457142857142857,-1,0.5457142857142857,-1,-1,0.3528584558207714,61,0.5457142857142857
DYRK1A,DYRK1A,0.9085714285714286,-1,0.9085714285714286,-1,-1,0.442068306668638,96,0.9085714285714284
DYRK1B,DYRK1B,0.8942857142857142,-1,0.8942857142857142,-1,-1,0.43855610781635984,95,0.8942857142857142
DYRK2,DYRK2,0.76,-1,0.76,-1,-1,0.4055414386049446,88,0.76
DYRK3,DYRK3,0.4514285714285714,-1,0.4514285714285714,-1,-1,0.3296779433957352,51,0.4514285714285714
DYRK4,DYRK4,0.7285714285714285,-1,0.7285714285714285,-1,-1,0.3978146011299325,87,0.7285714285714283
EEF2K,EEF2K,0.6942857142857143,-1,0.6942857142857143,-1,-1,0.38938532388446484,81,0.6942857142857143
EGFR,EGFR,0.8257142857142857,-1,0.8257142857142857,-1,-1,0.4216975533254244,92,0.8257142857142857
EIF2AK1,EIF2AK1,0.05714285714285714,-1,0.05714285714285714,-1,-1,0.23274125507285648,3,0.05714285714285714
EIF2AK2,EIF2AK2,0.8885714285714286,-1,0.8885714285714286,-1,-1,0.4371512282754485,95,0.8885714285714283
EIF2AK3,EIF2AK3,0.00857142857142857,-1,0.00857142857142857,-1,-1,0.22079977897511052,1,0.008571428571428459
EPHA2,EPHA2,0.04285714285714286,-1,0.04285714285714286,-1,-1,0.22922905622057826,2,0.04285714285714286
EPHA3,EPHA3,0.6885714285714286,-1,0.6885714285714286,-1,-1,0.3879804443435535,81,0.6885714285714284
EPHA4,EPHA4,0.03142857142857143,-1,0.03142857142857143,-1,-1,0.2264192971387557,2,0.03142857142857143
EPHA8,EPHA8,0.01142857142857142,-1,0.01142857142857142,-1,-1,0.2215022187455662,1,0.011428571428571429
EPHB1,EPHB1,0.03714285714285714,-1,0.03714285714285714,-1,-1,0.22782417667966698,2,0.037142857142857144
EPHB2,EPHB2,0.11428571428571428,-1,0.11428571428571428,-1,-1,0.2467900504819693,7,0.11428571428571417
EPHB3,EPHB3,0.32285714285714284,-1,0.32285714285714284,-1,-1,0.2980681537252312,35,0.3228571428571426
ERBB2,ERBB2,0.5828571428571429,-1,0.5828571428571429,-1,-1,0.36199017283669477,66,0.5828571428571429
ERBB4,ERBB4,0.04571428571428571,-1,0.04571428571428571,-1,-1,0.2299314959910339,3,0.045714285714285714
FASTK,FASTK,0.2257142857142857,-1,0.2257142857142857,-1,-1,0.2741852015297394,23,0.2257142857142857
FER,FER,0.9514285714285714,-1,0.9514285714285714,-1,-1,0.45260490322547264,98,0.9514285714285712
FES,FES,0.16,-1,0.16,-1,-1,0.2580290868092596,13,0.16
FGFR1,FGFR1,0.42857142857142855,-1,0.42857142857142855,-1,-1,0.32405842523209005,48,0.42857142857142855
FGFR2,FGFR2,0.7571428571428571,-1,0.7571428571428571,-1,-1,0.404838998834489,88,0.7571428571428571
FGFR3,FGFR3,0.3828571428571429,-1,0.3828571428571429,-1,-1,0.3128193889047997,43,0.3828571428571426
FGFR4,FGFR4,0.8057142857142857,-1,0.8057142857142857,-1,-1,0.4167804749322349,91,0.8057142857142857
FGR,FGR,0.8685714285714285,-1,0.8685714285714285,-1,-1,0.43223414988225906,94,0.8685714285714285
FLT1,FLT1,0.07428571428571429,-1,0.07428571428571429,-1,-1,0.2369558936955903,4,0.07428571428571418
FLT3,FLT3,0.2171428571428571,-1,0.2171428571428571,-1,-1,0.2720778822183724,22,0.21714285714285692
FLT4,FLT4,0.1657142857142857,-1,0.1657142857142857,-1,-1,0.2594339663501709,14,0.1657142857142857
FRK,FRK,0.44,-1,0.44,-1,-1,0.3268681843139126,50,0.44
FYN,FYN,0.82,-1,0.82,-1,-1,0.42029267378451307,91,0.8199999999999997
GRK1,GRK1,0.02285714285714285,-1,0.02285714285714285,-1,-1,0.22431197782738876,2,0.022857142857142857
GRK2,GRK2,0.9314285714285714,-1,0.9314285714285714,-1,-1,0.44768782483228314,97,0.9314285714285712
GRK3,GRK3,0.6685714285714286,-1,0.6685714285714286,-1,-1,0.38306336595036405,75,0.6685714285714286
GRK5,GRK5,0.9714285714285714,-1,0.9714285714285714,-1,-1,0.45752198161866214,99,0.9714285714285712
GRK6,GRK6,0.6828571428571428,-1,0.6828571428571428,-1,-1,0.38657556480264227,79,0.6828571428571428
GSK3A,GSK3A,0.7885714285714286,-1,0.7885714285714286,-1,-1,0.4125658363095011,90,0.7885714285714288
GSK3B,GSK3B,0.9685714285714284,-1,0.9685714285714284,-1,-1,0.45681954184820645,99,0.9685714285714281
HASPIN,HASPIN,0.25142857142857145,-1,0.25142857142857145,-1,-1,0.2805071594638402,26,0.25142857142857145
HCK,HCK,0.6228571428571429,-1,0.6228571428571429,-1,-1,0.37182432962307377,71,0.6228571428571429
HIPK1,HIPK1,0.4685714285714286,-1,0.4685714285714286,-1,-1,0.33389258201846905,54,0.4685714285714286
HIPK2,HIPK2,0.8714285714285714,-1,0.8714285714285714,-1,-1,0.4329365896527147,94,0.8714285714285714
HIPK3,HIPK3,0.11142857142857145,-1,0.11142857142857145,-1,-1,0.2460876107115137,7,0.11142857142857143
HIPK4,HIPK4,0.44,-1,0.44,-1,-1,0.3268681843139126,50,0.44
ICK,CILK1,0.3,-1,0.3,-1,-1,0.29244863556158607,32,0.29999999999999977
IGF1R,IGF1R,0.8028571428571428,-1,0.8028571428571428,-1,-1,0.41607803516177927,91,0.8028571428571428
IKBKB,IKBKB,0.9857142857142858,-1,0.9857142857142858,-1,-1,0.46103418047094047,100,0.985714285714286
IKBKE,IKBKE,0.9657142857142856,-1,0.9657142857142856,-1,-1,0.45611710207775086,99,0.9657142857142855
ILK,ILK,0.6,-1,0.6,-1,-1,0.36620481145942857,68,0.5999999999999998
INSR,INSR,0.5285714285714286,-1,0.5285714285714286,-1,-1,0.34864381719803755,59,0.5285714285714286
IRAK1,IRAK1,0.6742857142857143,-1,0.6742857142857143,-1,-1,0.3844682454912753,76,0.674285714285714
IRAK3,IRAK3,0.19714285714285715,-1,0.19714285714285715,-1,-1,0.267160803825183,18,0.19714285714285715
IRAK4,IRAK4,0.11714285714285716,-1,0.11714285714285716,-1,-1,0.24749249025242498,7,0.11714285714285715
ITK,ITK,0.4542857142857143,-1,0.4542857142857143,-1,-1,0.33038038316619084,52,0.4542857142857143
JAK1,JAK1,0.5228571428571429,-1,0.5228571428571429,-1,-1,0.34723893765712627,59,0.5228571428571429
JAK2,JAK2,0.6971428571428572,-1,0.6971428571428572,-1,-1,0.3900877636549205,82,0.6971428571428572
JAK3,JAK3,0.38857142857142857,-1,0.38857142857142857,-1,-1,0.31422426844571105,43,0.38857142857142857
KDR,KDR,0.09142857142857144,-1,0.09142857142857144,-1,-1,0.24117053231832422,5,0.09142857142857154
KIT,KIT,0.6428571428571429,-1,0.6428571428571429,-1,-1,0.3767414080162633,73,0.6428571428571431
KSR1,KSR1,0.16285714285714287,-1,0.16285714285714287,-1,-1,0.25873152657971527,13,0.16285714285714287
KSR2,KSR2,0.13142857142857142,-1,0.13142857142857142,-1,-1,0.2510046891047032,9,0.13142857142857142
LATS1,LATS1,0.34,-1,0.34,-1,-1,0.3022827923479651,37,0.34
LATS2,LATS2,0.5514285714285714,-1,0.5514285714285714,-1,-1,0.3542633353616827,62,0.5514285714285714
LCK,LCK,0.8314285714285714,-1,0.8314285714285714,-1,-1,0.42310243286633575,92,0.8314285714285716
LIMK1,LIMK1,0.13714285714285715,-1,0.13714285714285715,-1,-1,0.2524095686456145,10,0.13714285714285715
LIMK2,LIMK2,0.3457142857142857,-1,0.3457142857142857,-1,-1,0.3036876718888764,37,0.3457142857142857
LRRK2,LRRK2,0.6114285714285714,-1,0.6114285714285714,-1,-1,0.36901457054125114,69,0.6114285714285712
LYN,LYN,0.6257142857142857,-1,0.6257142857142857,-1,-1,0.3725267693935294,71,0.6257142857142857
MAK,MAK,0.18,-1,0.18,-1,-1,0.2629461652024491,16,0.18
MAP2K1,MAP2K1,0.58,-1,0.58,-1,-1,0.3612877330662391,66,0.58
MAP2K2,MAP2K2,0.26285714285714284,-1,0.26285714285714284,-1,-1,0.28331691854566277,27,0.26285714285714284
MAP2K3,MAP2K3,0.19428571428571428,-1,0.19428571428571428,-1,-1,0.26645836405472734,18,0.19428571428571428
MAP2K4,MAP2K4,0.5714285714285714,-1,0.5714285714285714,-1,-1,0.3591804137548722,65,0.5714285714285714
MAP2K6,MAP2K6,0.5628571428571428,-1,0.5628571428571428,-1,-1,0.35707309444350527,64,0.5628571428571428
MAP2K7,MAP2K7,0.6171428571428571,-1,0.6171428571428571,-1,-1,0.3704194500821625,70,0.6171428571428571
MAP3K1,MAP3K1,0.18857142857142856,-1,0.18857142857142856,-1,-1,0.26505348451381605,18,0.18857142857142858
MAP3K10,MAP3K10,0.15714285714285714,-1,0.15714285714285714,-1,-1,0.257326647038804,13,0.15714285714285714
MAP3K11,MAP3K11,0.32571428571428573,-1,0.32571428571428573,-1,-1,0.2987705934956869,35,0.32571428571428573
MAP3K13,MAP3K13,0.20857142857142855,-1,0.20857142857142855,-1,-1,0.26997056290700555,21,0.20857142857142857
MAP3K14,MAP3K14,0.6657142857142857,-1,0.6657142857142857,-1,-1,0.38236092617990836,75,0.6657142857142855
MAP3K20,MAP3K20,0.29428571428571426,-1,0.29428571428571426,-1,-1,0.2910437560206748,32,0.29428571428571404
MAP3K3,MAP3K3,0.3057142857142857,-1,0.3057142857142857,-1,-1,0.29385351510249735,33,0.3057142857142855
MAP3K4,MAP3K4,0.08285714285714285,-1,0.08285714285714285,-1,-1,0.23906321300695726,4,0.08285714285714285
MAP3K5,MAP3K5,0.7114285714285714,-1,0.7114285714285714,-1,-1,0.3935999625071987,84,0.7114285714285714
MAP3K6,MAP3K6,0.5628571428571428,-1,0.5628571428571428,-1,-1,0.35707309444350527,64,0.5628571428571428
MAP3K7,MAP3K7,0.7085714285714285,-1,0.7085714285714285,-1,-1,0.392897522736743,84,0.7085714285714283
MAP3K8,MAP3K8,0.38,-1,0.38,-1,-1,0.3121169491343441,42,0.38
MAP4K1,MAP4K1,0.1742857142857143,-1,0.1742857142857143,-1,-1,0.26154128566153784,15,0.1742857142857143
MAP4K2,MAP4K2,0.4142857142857143,-1,0.4142857142857143,-1,-1,0.32054622637981184,47,0.4142857142857143
MAP4K3,MAP4K3,0.1,-1,0.1,-1,-1,0.24327785162969112,5,0.1
MAP4K4,MAP4K4,0.06571428571428571,-1,0.06571428571428571,-1,-1,0.2348485743842234,3,0.06571428571428571
MAP4K5,MAP4K5,0.35714285714285715,-1,0.35714285714285715,-1,-1,0.306497430970699,39,0.35714285714285715
MAPK1,MAPK1,0.9371428571428572,-1,0.9371428571428572,-1,-1,0.4490927043731945,97,0.9371428571428572
MAPK10,MAPK10,0.6285714285714286,-1,0.6285714285714286,-1,-1,0.37322920916398505,71,0.6285714285714286
MAPK11,MAPK11,0.72,-1,0.72,-1,-1,0.3957072818185657,86,0.7200000000000002
MAPK12,MAPK12,0.4971428571428571,-1,0.4971428571428571,-1,-1,0.3409169797230255,56,0.49714285714285716
MAPK13,MAPK13,0.35714285714285715,-1,0.35714285714285715,-1,-1,0.306497430970699,39,0.35714285714285715
MAPK14,MAPK14,0.9628571428571427,-1,0.9628571428571427,-1,-1,0.4554146623072952,99,0.9628571428571426
MAPK15,MAPK15,0.2571428571428571,-1,0.2571428571428571,-1,-1,0.2819120390047515,27,0.2571428571428571
MAPK3,MAPK3,0.94,-1,0.94,-1,-1,0.4497951441436501,97,0.94
MAPK6,MAPK6,0.22857142857142856,-1,0.22857142857142856,-1,-1,0.274887641300195,23,0.22857142857142834
MAPK7,MAPK7,0.6457142857142857,-1,0.6457142857142857,-1,-1,0.3774438477867189,73,0.6457142857142857
MAPK8,MAPK8,0.8314285714285714,-1,0.8314285714285714,-1,-1,0.42310243286633575,92,0.8314285714285716
MAPK9,MAPK9,0.9057142857142856,-1,0.9057142857142856,-1,-1,0.44136586689818236,96,0.9057142857142855
MAPKAPK2,MAPKAPK2,0.7742857142857142,-1,0.7742857142857142,-1,-1,0.4090536374572228,89,0.774285714285714
MAPKAPK3,MAPKAPK3,0.09714285714285714,-1,0.09714285714285714,-1,-1,0.24257541185923545,5,0.09714285714285703
MAPKAPK5,MAPKAPK5,0.7657142857142857,-1,0.7657142857142857,-1,-1,0.40694631814585586,89,0.7657142857142855
MARK2,MARK2,0.6742857142857143,-1,0.6742857142857143,-1,-1,0.3844682454912753,76,0.674285714285714
MARK3,MARK3,0.32857142857142857,-1,0.32857142857142857,-1,-1,0.2994730332661425,35,0.32857142857142835
MARK4,MARK4,0.01714285714285714,-1,0.01714285714285714,-1,-1,0.22290709828647748,1,0.017142857142857144
MAST1,MAST1,0.26857142857142857,-1,0.26857142857142857,-1,-1,0.28472179808657405,28,0.26857142857142857
MAST2,MAST2,0.06,-1,0.06,-1,-1,0.23344369484331212,3,0.06
MATK,MATK,0.23142857142857143,-1,0.23142857142857143,-1,-1,0.2755900810706507,24,0.23142857142857143
MELK,MELK,0.08,-1,0.08,-1,-1,0.2383607732365016,4,0.07999999999999989
MERTK,MERTK,0.47714285714285715,-1,0.47714285714285715,-1,-1,0.3359999013298359,55,0.4771428571428569
MET,MET,0.56,-1,0.56,-1,-1,0.3563706546730496,63,0.56
MKNK1,MKNK1,0.4857142857142857,-1,0.4857142857142857,-1,-1,0.3381072206412029,55,0.4857142857142857
MKNK2,MKNK2,0.24571428571428572,-1,0.24571428571428572,-1,-1,0.2791022799229289,26,0.24571428571428572
MOK,MOK,0.2571428571428571,-1,0.2571428571428571,-1,-1,0.2819120390047515,27,0.2571428571428571
MOS,MOS,0.08857142857142856,-1,0.08857142857142856,-1,-1,0.24046809254786855,5,0.08857142857142856
MST1R,MST1R,0.2914285714285714,-1,0.2914285714285714,-1,-1,0.2903413162502192,31,0.2914285714285714
MTOR,MTOR,0.62,-1,0.62,-1,-1,0.37112188985261807,71,0.6199999999999998
MYLK2,MYLK2,0.4142857142857143,-1,0.4142857142857143,-1,-1,0.32054622637981184,47,0.4142857142857143
MYO3A,MYO3A,0.28,-1,0.28,-1,-1,0.2875315571683966,29,0.28
NEK10,NEK10,0.12571428571428572,-1,0.12571428571428572,-1,-1,0.2495998095637919,9,0.12571428571428572
NEK11,NEK11,0.40285714285714286,-1,0.40285714285714286,-1,-1,0.3177364672979892,45,0.40285714285714264
NEK2,NEK2,0.68,-1,0.68,-1,-1,0.3858731250321866,79,0.68
NEK3,NEK3,0.4371428571428572,-1,0.4371428571428572,-1,-1,0.326165744543457,49,0.43714285714285717
NEK4,NEK4,0.3457142857142857,-1,0.3457142857142857,-1,-1,0.3036876718888764,38,0.3457142857142857
NEK6,NEK6,0.6914285714285714,-1,0.6914285714285714,-1,-1,0.3886828841140092,81,0.6914285714285714
NEK8,NEK8,0.2542857142857143,-1,0.2542857142857143,-1,-1,0.28120959923429584,26,0.2542857142857143
NEK9,NEK9,0.48,-1,0.48,-1,-1,0.33670234110029157,55,0.47999999999999976
NIM1K,NIM1K,0.15428571428571428,-1,0.15428571428571428,-1,-1,0.25662420726834834,13,0.15428571428571428
NLK,NLK,0.5542857142857143,-1,0.5542857142857143,-1,-1,0.3549657751321383,62,0.554285714285714
NPR2,NPR2,0.5942857142857143,-1,0.5942857142857143,-1,-1,0.36479993191851734,67,0.5942857142857143
NRBP2,NRBP2,0.23714285714285716,-1,0.23714285714285716,-1,-1,0.276994960611562,24,0.23714285714285716
NTRK1,NTRK1,0.3028571428571429,-1,0.3028571428571429,-1,-1,0.29315107533204177,32,0.3028571428571429
NTRK2,NTRK2,0.8914285714285715,-1,0.8914285714285715,-1,-1,0.4378536680459042,95,0.8914285714285715
NTRK3,NTRK3,0.54,-1,0.54,-1,-1,0.3514535762798601,60,0.54
NUAK1,NUAK1,0.8171428571428572,-1,0.8171428571428572,-1,-1,0.41959023401405743,91,0.817142857142857
NUAK2,NUAK2,0.10857142857142855,-1,0.10857142857142855,-1,-1,0.24538517094105802,7,0.10857142857142846
OXSR1,OXSR1,0.14857142857142858,-1,0.14857142857142858,-1,-1,0.25521932772743705,10,0.14857142857142858
PAK1,PAK1,0.8285714285714286,-1,0.8285714285714286,-1,-1,0.42239999309588006,92,0.8285714285714286
PAK2,PAK2,0.4228571428571429,-1,0.4228571428571429,-1,-1,0.3226535456911787,47,0.42285714285714265
PAK3,PAK3,0.16857142857142857,-1,0.16857142857142857,-1,-1,0.26013640612062655,15,0.16857142857142857
PAK4,PAK4,0.9228571428571428,-1,0.9228571428571428,-1,-1,0.44558050552091627,97,0.9228571428571428
PAK5,PAK5,0.02571428571428571,-1,0.02571428571428571,-1,-1,0.22501441759784438,2,0.025714285714285603
PAK6,PAK6,0.7057142857142857,-1,0.7057142857142857,-1,-1,0.3921950829662874,84,0.7057142857142857
PASK,PASK,0.10285714285714286,-1,0.10285714285714286,-1,-1,0.24398029140014674,6,0.10285714285714274
PBK,PBK,0.7514285714285714,-1,0.7514285714285714,-1,-1,0.40343411929357764,88,0.7514285714285712
PDGFRA,PDGFRA,0.21142857142857144,-1,0.21142857142857144,-1,-1,0.2706730026774612,21,0.21142857142857144
PDGFRB,PDGFRB,0.38857142857142857,-1,0.38857142857142857,-1,-1,0.31422426844571105,43,0.38857142857142857
PDIK1L,PDIK1L,0.35714285714285715,-1,0.35714285714285715,-1,-1,0.306497430970699,39,0.35714285714285715
PDK1,PDK1,0.5457142857142857,-1,0.5457142857142857,-1,-1,0.3528584558207714,62,0.5457142857142857
PDPK1,PDPK1,0.4342857142857143,-1,0.4342857142857143,-1,-1,0.32546330477300134,49,0.4342857142857143
PIK3CA,PIK3CA,0.2228571428571429,-1,0.2228571428571429,-1,-1,0.27348276175928377,23,0.22285714285714286
PIK3CB,PIK3CB,0.00571428571428571,-1,0.00571428571428571,-1,-1,0.2200973392046549,1,0.005714285714285714
PIK3CG,PIK3CG,0.06285714285714286,-1,0.06285714285714286,-1,-1,0.23414613461376776,3,0.06285714285714286
PIK3R4,PIK3R4,0.6057142857142858,-1,0.6057142857142858,-1,-1,0.3676096910003399,69,0.6057142857142858
PIM1,PIM1,0.9914285714285714,-1,0.9914285714285714,-1,-1,0.4624390600118517,100,0.9914285714285714
PIM2,PIM2,0.4942857142857143,-1,0.4942857142857143,-1,-1,0.3402145399525698,56,0.49428571428571405
PINK1,PINK1,0.49142857142857144,-1,0.49142857142857144,-1,-1,0.33951210018211414,56,0.4914285714285712
PKMYT1,PKMYT1,0.12857142857142856,-1,0.12857142857142856,-1,-1,0.2503022493342475,9,0.12857142857142834
PKN1,PKN1,0.6314285714285715,-1,0.6314285714285715,-1,-1,0.37393164893444064,72,0.6314285714285712
PLK1,PLK1,0.74,-1,0.74,-1,-1,0.4006243602117551,87,0.74
PLK2,PLK2,0.4657142857142857,-1,0.4657142857142857,-1,-1,0.33319014224801335,54,0.46571428571428547
PLK3,PLK3,0.7685714285714286,-1,0.7685714285714286,-1,-1,0.40764875791631155,89,0.7685714285714286
PLK4,PLK4,0.5742857142857143,-1,0.5742857142857143,-1,-1,0.35988285352532784,65,0.5742857142857143
PNCK,PNCK,0.3942857142857143,-1,0.3942857142857143,-1,-1,0.3156291479866223,44,0.3942857142857141
PRKAA1,PRKAA1,0.9971428571428572,-1,0.9971428571428572,-1,-1,0.46384393955276293,100,0.9971428571428569
PRKAA2,PRKAA2,0.8857142857142857,-1,0.8857142857142857,-1,-1,0.43644878850499286,95,0.8857142857142855
PRKACA,PRKACA,0.9942857142857144,-1,0.9942857142857144,-1,-1,0.46314149978230734,100,0.9942857142857143
PRKACB,PRKACB,0.2,-1,0.2,-1,-1,0.2678632435956386,19,0.2
PRKCA,PRKCA,1,-1,1,-1,-1,0.46454637932321863,100,1
PRKCB,PRKCB,0.9,-1,0.9,-1,-1,0.4399609873572711,96,0.9
PRKCD,PRKCD,0.8714285714285714,-1,0.8714285714285714,-1,-1,0.4329365896527147,94,0.8714285714285714
PRKCE,PRKCE,0.7685714285714286,-1,0.7685714285714286,-1,-1,0.40764875791631155,89,0.7685714285714286
PRKCG,PRKCG,0.5142857142857142,-1,0.5142857142857142,-1,-1,0.34513161834575934,57,0.5142857142857142
PRKCH,PRKCH,0.5028571428571429,-1,0.5028571428571429,-1,-1,0.34232185926393677,57,0.5028571428571429
PRKCI,PRKCI,0.6542857142857142,-1,0.6542857142857142,-1,-1,0.3795511670980858,74,0.654285714285714
PRKCQ,PRKCQ,0.7142857142857143,-1,0.7142857142857143,-1,-1,0.39430240227765434,84,0.7142857142857143
PRKCZ,PRKCZ,0.9142857142857144,-1,0.9142857142857144,-1,-1,0.44347318620954934,96,0.9142857142857143
PRKD1,PRKD1,0.98,-1,0.98,-1,-1,0.45962930093002913,99,0.98
PRKD2,PRKD2,0.4542857142857143,-1,0.4542857142857143,-1,-1,0.33038038316619084,52,0.4542857142857143
PRKD3,PRKD3,0.2714285714285714,-1,0.2714285714285714,-1,-1,0.28542423785702964,28,0.2714285714285712
PRKDC,PRKDC,0.9714285714285714,-1,0.9714285714285714,-1,-1,0.45752198161866214,99,0.9714285714285712
PRKG1,PRKG1,0.8657142857142858,-1,0.8657142857142858,-1,-1,0.43153171011180336,94,0.8657142857142854
PRKG2,PRKG2,0.34285714285714286,-1,0.34285714285714286,-1,-1,0.30298523211842077,37,0.34285714285714286
PRKX,PRKX,0.1457142857142857,-1,0.1457142857142857,-1,-1,0.2545168879569814,10,0.1457142857142857
PRKY,PRKY,0.4828571428571429,-1,0.4828571428571429,-1,-1,0.3374047808707472,55,0.48285714285714265
PRPF4B,PRPF4B,0.46,-1,0.46,-1,-1,0.33178526270710207,52,0.4599999999999998
PTK2,PTK2,0.6628571428571428,-1,0.6628571428571428,-1,-1,0.3816584864094527,75,0.6628571428571426
PTK2B,PTK2B,0.88,-1,0.88,-1,-1,0.4350439089640816,94,0.88
PTK6,PTK6,0.7628571428571429,-1,0.7628571428571429,-1,-1,0.40624387837540027,89,0.7628571428571429
PXK,PXK,0.52,-1,0.52,-1,-1,0.3465364978866707,58,0.5200000000000002
RAF1,RAF1,0.6457142857142857,-1,0.6457142857142857,-1,-1,0.3774438477867189,73,0.6457142857142857
RET,RET,0.7,-1,0.7,-1,-1,0.39079020342537607,82,0.6999999999999997
RIOK1,RIOK1,0.12285714285714286,-1,0.12285714285714286,-1,-1,0.24889736979333626,8,0.12285714285714286
RIPK1,RIPK1,0.2857142857142857,-1,0.2857142857142857,-1,-1,0.2889364367093079,30,0.2857142857142857
RIPK2,RIPK2,0.33714285714285713,-1,0.33714285714285713,-1,-1,0.3015803525775094,36,0.3371428571428569
RIPK3,RIPK3,0.5685714285714286,-1,0.5685714285714286,-1,-1,0.35847797398441655,64,0.5685714285714286
ROCK1,ROCK1,0.6857142857142857,-1,0.6857142857142857,-1,-1,0.38727800457309786,80,0.6857142857142855
ROCK2,ROCK2,0.3657142857142857,-1,0.3657142857142857,-1,-1,0.3086047502820659,40,0.3657142857142857
RPS6KA1,RPS6KA1,0.9257142857142856,-1,0.9257142857142856,-1,-1,0.44628294529137186,97,0.9257142857142855
RPS6KA2,RPS6KA2,0.7971428571428572,-1,0.7971428571428572,-1,-1,0.41467315562086793,90,0.7971428571428569
RPS6KA3,RPS6KA3,0.98,-1,0.98,-1,-1,0.45962930093002913,100,0.98
RPS6KA4,RPS6KA4,0.8542857142857143,-1,0.8542857142857143,-1,-1,0.4287219510299809,93,0.8542857142857145
RPS6KA5,RPS6KA5,0.7857142857142857,-1,0.7857142857142857,-1,-1,0.4118633965390454,90,0.7857142857142857
RPS6KB1,RPS6KB1,0.9171428571428571,-1,0.9171428571428571,-1,-1,0.444175625980005,96,0.9171428571428571
RPS6KB2,RPS6KB2,0.4714285714285714,-1,0.4714285714285714,-1,-1,0.33459502178892464,54,0.4714285714285712
RPS6KL1,RPS6KL1,0.4085714285714286,-1,0.4085714285714286,-1,-1,0.31914134683890055,45,0.4085714285714286
SCYL1,SCYL1,0.02857142857142857,-1,0.02857142857142857,-1,-1,0.22571685736830005,2,0.02857142857142857
SCYL2,SCYL2,0.3657142857142857,-1,0.3657142857142857,-1,-1,0.3086047502820659,40,0.3657142857142857
SCYL3,SCYL3,0.18571428571428572,-1,0.18571428571428572,-1,-1,0.2643510447433604,17,0.18571428571428572
SGK1,SGK1,0.8,-1,0.8,-1,-1,0.4153755953913236,90,0.8
SGK2,SGK2,0.12,-1,0.12,-1,-1,0.2481949300228806,8,0.11999999999999988
SGK3,SGK3,0.6314285714285715,-1,0.6314285714285715,-1,-1,0.37393164893444064,72,0.6314285714285712
SIK1,SIK1,0.2342857142857143,-1,0.2342857142857143,-1,-1,0.27629252084110634,24,0.2342857142857143
SIK2,SIK2,0.07142857142857142,-1,0.07142857142857142,-1,-1,0.2362534539251347,4,0.07142857142857142
SMG1,SMG1,0.46,-1,0.46,-1,-1,0.33178526270710207,53,0.4599999999999998
SNRK,SNRK,0.32,-1,0.32,-1,-1,0.2973657139547756,34,0.32
SRC,SRC,0.9457142857142856,-1,0.9457142857142856,-1,-1,0.4512000236845613,98,0.9457142857142853
SRMS,SRMS,0.44857142857142857,-1,0.44857142857142857,-1,-1,0.3289755036252795,51,0.44857142857142834
SRPK1,SRPK1,0.39714285714285713,-1,0.39714285714285713,-1,-1,0.316331587757078,44,0.39714285714285713
SRPK2,SRPK2,0.7314285714285714,-1,0.7314285714285714,-1,-1,0.39851704090038814,87,0.7314285714285712
STK10,STK10,0.14,-1,0.14,-1,-1,0.2531120084160701,10,0.14
STK11,STK11,0.8457142857142858,-1,0.8457142857142858,-1,-1,0.4266146317186139,93,0.8457142857142858
STK16,STK16,0.5085714285714286,-1,0.5085714285714286,-1,-1,0.34372673880484805,57,0.5085714285714286
STK17A,STK17A,0.82,-1,0.82,-1,-1,0.42029267378451307,92,0.8199999999999997
STK24,STK24,0.5571428571428572,-1,0.5571428571428572,-1,-1,0.355668214902594,62,0.5571428571428572
STK25,STK25,0.3657142857142857,-1,0.3657142857142857,-1,-1,0.3086047502820659,40,0.3657142857142857
STK26,STK26,0.22,-1,0.22,-1,-1,0.2727803219888281,23,0.22
STK3,STK3,0.42,-1,0.42,-1,-1,0.3219511059207231,47,0.42
STK33,STK33,0.15142857142857144,-1,0.15142857142857144,-1,-1,0.2559217674978927,11,0.15142857142857144
STK36,STK36,0.31142857142857144,-1,0.31142857142857144,-1,-1,0.2952583946434087,33,0.31142857142857144
STK38,STK38,0.5428571428571428,-1,0.5428571428571428,-1,-1,0.3521560160503157,61,0.5428571428571426
STK38L,STK38L,0.3828571428571429,-1,0.3828571428571429,-1,-1,0.3128193889047997,43,0.3828571428571426
STK39,STK39,0.6028571428571429,-1,0.6028571428571429,-1,-1,0.36690725122988427,69,0.6028571428571429
STK4,STK4,0.7171428571428572,-1,0.7171428571428572,-1,-1,0.39500484204811,85,0.7171428571428572
STK40,STK40,0.27714285714285714,-1,0.27714285714285714,-1,-1,0.286829117397941,29,0.27714285714285714
STYK1,STYK1,0.28285714285714286,-1,0.28285714285714286,-1,-1,0.2882339969388522,30,0.28285714285714264
SYK,SYK,0.84,-1,0.84,-1,-1,0.42520975217770257,92,0.8399999999999997
TAOK1,TAOK1,0.06857142857142857,-1,0.06857142857142857,-1,-1,0.23555101415467905,4,0.06857142857142857
TBK1,TBK1,0.8114285714285714,-1,0.8114285714285714,-1,-1,0.4181853544731462,91,0.8114285714285714
TEC,TEC,0.3771428571428572,-1,0.3771428571428572,-1,-1,0.3114145093638885,41,0.37714285714285717
TEK,TEK,0.05142857142857143,-1,0.05142857142857143,-1,-1,0.2313363755319452,3,0.05142857142857143
TESK1,TESK1,0.10571428571428572,-1,0.10571428571428572,-1,-1,0.2446827311706024,7,0.10571428571428572
TESK2,TESK2,0.5342857142857143,-1,0.5342857142857143,-1,-1,0.35004869673894884,60,0.5342857142857143
TGFBR1,TGFBR1,0.5971428571428572,-1,0.5971428571428572,-1,-1,0.365502371688973,68,0.5971428571428572
TGFBR2,TGFBR2,0.7257142857142858,-1,0.7257142857142858,-1,-1,0.3971121613594769,86,0.7257142857142858
TLK1,TLK1,0,-1,0,-1,-1,0.21869245966374362,1,0
TNIK,TNIK,0.04857142857142857,-1,0.04857142857142857,-1,-1,0.23063393576148955,3,0.04857142857142857
TNK2,TNK2,0.86,-1,0.86,-1,-1,0.43012683057089207,93,0.8599999999999998
TNNI3K,TNNI3K,0.7942857142857143,-1,0.7942857142857143,-1,-1,0.4139707158504123,90,0.794285714285714
TP53RK,TP53RK,0.4857142857142857,-1,0.4857142857142857,-1,-1,0.3381072206412029,55,0.4857142857142857
TRIB3,TRIB3,0.7771428571428571,-1,0.7771428571428571,-1,-1,0.40975607722767843,89,0.7771428571428569
TRPM7,TRPM7,0.43142857142857144,-1,0.43142857142857144,-1,-1,0.3247608650025457,49,0.43142857142857144
TTK,TTK,0.5085714285714286,-1,0.5085714285714286,-1,-1,0.34372673880484805,57,0.5085714285714286
TXK,TXK,0.14285714285714285,-1,0.14285714285714285,-1,-1,0.25381444818652577,10,0.14285714285714285
TYK2,TYK2,0.64,-1,0.64,-1,-1,0.3760389682458076,73,0.64
TYRO3,TYRO3,0.4085714285714286,-1,0.4085714285714286,-1,-1,0.31914134683890055,45,0.4085714285714286
UHMK1,UHMK1,0.5885714285714285,-1,0.5885714285714285,-1,-1,0.363395052377606,67,0.5885714285714283
ULK1,ULK1,0.5171428571428571,-1,0.5171428571428571,-1,-1,0.345834058116215,58,0.5171428571428571
VRK1,VRK1,0.7371428571428571,-1,0.7371428571428571,-1,-1,0.3999219204412995,87,0.7371428571428571
VRK3,VRK3,0.2,-1,0.2,-1,-1,0.2678632435956386,19,0.2
WEE1,WEE1,0.7457142857142857,-1,0.7457142857142857,-1,-1,0.4020292397526664,88,0.7457142857142857
WNK1,WNK1,0.5857142857142857,-1,0.5857142857142857,-1,-1,0.3626926126071504,66,0.5857142857142857
YES1,YES1,0.5771428571428572,-1,0.5771428571428572,-1,-1,0.3605852932957834,65,0.577142857142857
ZAP70,ZAP70,0.66,-1,0.66,-1,-1,0.3809560466389971,74,0.66
CDK2,CDK2,0.9803921568627452,-1,-1,0.9803921568627452,-1,0.3969707013714586,86,0.7251389034376304
NUAK1,NUAK1,0.9411764705882352,-1,-1,0.9411764705882352,-1,0.3905750831210128,82,0.6991250076278577
CDK6,CDK6,0.9215686274509804,-1,-1,0.9215686274509804,-1,0.38737727399578986,81,0.6861180597229712
CDK4,CDK4,0.9117647058823528,-1,-1,0.9117647058823528,-1,0.38577836943317834,79,0.6796145857705278
PRKY,PRKY,0.8725490196078431,-1,-1,0.8725490196078431,-1,0.3793827511827326,74,0.6536006899607555
CAMK4,CAMK4,0.8431372549019608,-1,-1,0.8431372549019608,-1,0.37458603749489816,72,0.6340902681034255
CAMK4,CAMKK1,0.8431372549019608,-1,-1,0.8431372549019608,-1,0.37458603749489816,72,0.6340902681034255
SGK2,SGK2,0.8235294117647058,-1,-1,0.8235294117647058,-1,0.37138822836967533,71,0.6210833201985395
SGK2,SGK3,0.8235294117647058,-1,-1,0.8235294117647058,-1,0.37138822836967533,71,0.6210833201985395
CDKL5,CDKL5,0.7549019607843137,-1,-1,0.7549019607843137,-1,0.3601958964313951,65,0.575559002531437
SGK1,SGK1,0.696078431372549,-1,-1,0.696078431372549,-1,0.35060246905572634,60,0.5365381588167778
CDK3,CDK3,0.6666666666666666,-1,-1,0.6666666666666666,-1,0.34580575536789193,58,0.517027736959448
DAPK3,DAPK3,0.6470588235294118,-1,-1,0.6470588235294118,-1,0.34260794624266905,57,0.5040207890545617
PRKX,PRKX,0.6078431372549019,-1,-1,0.6078431372549019,-1,0.33621232799222317,55,0.4780068932447888
MAPK14,MAPK14,0.4803921568627451,-1,-1,0.4803921568627451,-1,0.3154265686782743,44,0.3934617318630275
CDK7,CDK7,0.4509803921568627,-1,-1,0.4509803921568627,-1,0.31062985499043994,40,0.37395131000569803
CDK10,CDK10,0.4411764705882353,-1,-1,0.4411764705882353,-1,0.30903095042782847,40,0.36744783605325476
ATR,ATR,0.37254901960784315,-1,-1,0.37254901960784315,-1,0.2978386184895483,34,0.3219235183861525
PLK3,PLK3,0.3627450980392157,-1,-1,0.3627450980392157,-1,0.2962397139269368,34,0.3154200444337093
ARAF,ARAF,0.3235294117647059,-1,-1,0.3235294117647059,-1,0.289844095676491,30,0.28940614862393654
BRAF,BRAF,0.3235294117647059,-1,-1,0.3235294117647059,-1,0.289844095676491,31,0.28940614862393654
PIM3,PIM3,0.3235294117647059,-1,-1,0.3235294117647059,-1,0.289844095676491,31,0.28940614862393654
MAPKAPK3,MAPKAPK3,0.28431372549019607,-1,-1,0.28431372549019607,-1,0.2834484774260452,27,0.2633922528141638
MAPKAPK2,MAPKAPK2,0.27450980392156865,-1,-1,0.27450980392156865,-1,0.28184957286343376,27,0.2568887788617208
RAF1,RAF1,0.2647058823529412,-1,-1,0.2647058823529412,-1,0.2802506683008223,26,0.2503853049092775
CDKL1,CDKL1,0.2549019607843137,-1,-1,0.2549019607843137,-1,0.2786517637382108,25,0.2438818309568343
PIM1,PIM1,0.2352941176470588,-1,-1,0.2352941176470588,-1,0.2754539546129879,24,0.2308748830519478
ROCK1,ROCK1,0.21568627450980393,-1,-1,0.21568627450980393,-1,0.272256145487765,22,0.21786793514706154
CDK9,CDK9,0.19607843137254904,-1,-1,0.19607843137254904,-1,0.2690583363625421,19,0.20486098724217527
ROCK2,ROCK2,0.13725490196078433,-1,-1,0.13725490196078433,-1,0.25946490898687335,14,0.16584014352751605
PAK1,PAK1,0.10784313725490197,-1,-1,0.10784313725490197,-1,0.25466819529903895,10,0.14632972167018632
DAPK1,DAPK1,0.08823529411764706,-1,-1,0.08823529411764706,-1,0.251470386173816,9,0.13332277376529983
CDK5,CDK5,0.0392156862745098,-1,-1,0.0392156862745098,-1,0.2434758633607588,6,0.10080540400308417
PIM2,PIM2,0.0392156862745098,-1,-1,0.0392156862745098,-1,0.2434758633607588,6,0.10080540400308417
ERK,MAPK1,0.9890453834115804,-1,-1,-1,0.9890453834115804,0.397234247626336,86,0.7262108662326204
ERK,MAPK15,0.9890453834115804,-1,-1,-1,0.9890453834115804,0.397234247626336,86,0.7262108662326204
ERK,MAPK3,0.9890453834115804,-1,-1,-1,0.9890453834115804,0.397234247626336,86,0.7262108662326204
ERK,MAPK4,0.9890453834115804,-1,-1,-1,0.9890453834115804,0.397234247626336,86,0.7262108662326204
ERK,MAPK6,0.9890453834115804,-1,-1,-1,0.9890453834115804,0.397234247626336,87,0.7262108662326204
ERK,MAPK7,0.9890453834115804,-1,-1,-1,0.9890453834115804,0.397234247626336,87,0.7262108662326204
PKA,PRKACA,0.976525821596244,-1,-1,-1,0.976525821596244,0.3952110823043004,85,0.7179817303098015
PKA,PRKACB,0.976525821596244,-1,-1,-1,0.976525821596244,0.3952110823043004,85,0.7179817303098015
PKA,PRKACG,0.976525821596244,-1,-1,-1,0.976525821596244,0.3952110823043004,85,0.7179817303098015
PKA,PRKX,0.976525821596244,-1,-1,-1,0.976525821596244,0.3952110823043004,85,0.7179817303098015
PKA,PRKY,0.976525821596244,-1,-1,-1,0.976525821596244,0.3952110823043004,85,0.7179817303098015
AKT,AKT1,0.9389671361502347,-1,-1,-1,0.9389671361502347,0.3891415863381935,81,0.6932943225413446
AKT,AKT2,0.9389671361502347,-1,-1,-1,0.9389671361502347,0.3891415863381935,81,0.6932943225413446
AKT,AKT3,0.9389671361502347,-1,-1,-1,0.9389671361502347,0.3891415863381935,81,0.6932943225413446
RSK,RPS6KA1,0.9264475743348984,-1,-1,-1,0.9264475743348984,0.3871184210161579,79,0.6850651866185258
RSK,RPS6KA2,0.9264475743348984,-1,-1,-1,0.9264475743348984,0.3871184210161579,79,0.6850651866185258
RSK,RPS6KA3,0.9264475743348984,-1,-1,-1,0.9264475743348984,0.3871184210161579,80,0.6850651866185258
RSK,RPS6KA4,0.9264475743348984,-1,-1,-1,0.9264475743348984,0.3871184210161579,80,0.6850651866185258
RSK,RPS6KA5,0.9264475743348984,-1,-1,-1,0.9264475743348984,0.3871184210161579,80,0.6850651866185258
RSK,RPS6KA6,0.9264475743348984,-1,-1,-1,0.9264475743348984,0.3871184210161579,80,0.6850651866185258
RSK,RPS6KB1,0.9264475743348984,-1,-1,-1,0.9264475743348984,0.3871184210161579,80,0.6850651866185258
RSK,RPS6KB2,0.9264475743348984,-1,-1,-1,0.9264475743348984,0.3871184210161579,80,0.6850651866185258
CDK,CDK1,0.9139280125195618,-1,-1,-1,0.9139280125195618,0.38509525569412223,76,0.6768360506957066
CDK,CDK10,0.9139280125195618,-1,-1,-1,0.9139280125195618,0.38509525569412223,76,0.6768360506957066
CDK,CDK12,0.9139280125195618,-1,-1,-1,0.9139280125195618,0.38509525569412223,76,0.6768360506957066
CDK,CDK13,0.9139280125195618,-1,-1,-1,0.9139280125195618,0.38509525569412223,76,0.6768360506957066
CDK,CDK14,0.9139280125195618,-1,-1,-1,0.9139280125195618,0.38509525569412223,76,0.6768360506957066
CDK,CDK15,0.9139280125195618,-1,-1,-1,0.9139280125195618,0.38509525569412223,77,0.6768360506957066
CDK,CDK16,0.9139280125195618,-1,-1,-1,0.9139280125195618,0.38509525569412223,77,0.6768360506957066
CDK,CDK17,0.9139280125195618,-1,-1,-1,0.9139280125195618,0.38509525569412223,77,0.6768360506957066
CDK,CDK18,0.9139280125195618,-1,-1,-1,0.9139280125195618,0.38509525569412223,77,0.6768360506957066
CDK,CDK19,0.9139280125195618,-1,-1,-1,0.9139280125195618,0.38509525569412223,77,0.6768360506957066
CDK,CDK2,0.9139280125195618,-1,-1,-1,0.9139280125195618,0.38509525569412223,77,0.6768360506957066
CDK,CDK20,0.9139280125195618,-1,-1,-1,0.9139280125195618,0.38509525569412223,77,0.6768360506957066
CDK,CDK3,0.9139280125195618,-1,-1,-1,0.9139280125195618,0.38509525569412223,78,0.6768360506957066
CDK,CDK4,0.9139280125195618,-1,-1,-1,0.9139280125195618,0.38509525569412223,78,0.6768360506957066
CDK,CDK5,0.9139280125195618,-1,-1,-1,0.9139280125195618,0.38509525569412223,78,0.6768360506957066
CDK,CDK6,0.9139280125195618,-1,-1,-1,0.9139280125195618,0.38509525569412223,78,0.6768360506957066
CDK,CDK7,0.9139280125195618,-1,-1,-1,0.9139280125195618,0.38509525569412223,78,0.6768360506957066
CDK,CDK8,0.9139280125195618,-1,-1,-1,0.9139280125195618,0.38509525569412223,78,0.6768360506957066
CDK,CDK9,0.9139280125195618,-1,-1,-1,0.9139280125195618,0.38509525569412223,78,0.6768360506957066
CDK,CDK11A,0.9139280125195618,-1,-1,-1,0.9139280125195618,0.38509525569412223,79,0.6768360506957066
CDK,CDK11B,0.9139280125195618,-1,-1,-1,0.9139280125195618,0.38509525569412223,79,0.6768360506957066
JNK,MAPK10,0.9640062597809076,-1,-1,-1,0.9640062597809076,0.3931879169822648,84,0.7097525943869826
JNK,MAPK8,0.9640062597809076,-1,-1,-1,0.9640062597809076,0.3931879169822648,84,0.7097525943869826
JNK,MAPK9,0.9640062597809076,-1,-1,-1,0.9640062597809076,0.3931879169822648,84,0.7097525943869826
DYRK,DYRK1A,0.9514866979655712,-1,-1,-1,0.9514866979655712,0.3911647516602291,82,0.7015234584641635
DYRK,DYRK1B,0.9514866979655712,-1,-1,-1,0.9514866979655712,0.3911647516602291,82,0.7015234584641635
DYRK,DYRK2,0.9514866979655712,-1,-1,-1,0.9514866979655712,0.3911647516602291,82,0.7015234584641635
DYRK,DYRK3,0.9514866979655712,-1,-1,-1,0.9514866979655712,0.3911647516602291,82,0.7015234584641635
DYRK,DYRK4,0.9514866979655712,-1,-1,-1,0.9514866979655712,0.3911647516602291,83,0.7015234584641635
DYRK,HIPK1,0.9514866979655712,-1,-1,-1,0.9514866979655712,0.3911647516602291,83,0.7015234584641635
DYRK,HIPK2,0.9514866979655712,-1,-1,-1,0.9514866979655712,0.3911647516602291,83,0.7015234584641635
DYRK,HIPK3,0.9514866979655712,-1,-1,-1,0.9514866979655712,0.3911647516602291,83,0.7015234584641635
DYRK,HIPK4,0.9514866979655712,-1,-1,-1,0.9514866979655712,0.3911647516602291,83,0.7015234584641635
DYRK,PRPF4B,0.9514866979655712,-1,-1,-1,0.9514866979655712,0.3911647516602291,83,0.7015234584641635
PLK,PLK5,0.8262910798122066,-1,-1,-1,0.8262910798122066,0.37093309843987277,70,0.6192320992359738
PLK,PLK1,0.8262910798122066,-1,-1,-1,0.8262910798122066,0.37093309843987277,70,0.6192320992359738
PLK,PLK2,0.8262910798122066,-1,-1,-1,0.8262910798122066,0.37093309843987277,70,0.6192320992359738
PLK,PLK3,0.8262910798122066,-1,-1,-1,0.8262910798122066,0.37093309843987277,70,0.6192320992359738
PLK,PLK4,0.8262910798122066,-1,-1,-1,0.8262910798122066,0.37093309843987277,70,0.6192320992359738
SGK,SGK1,0.8137715179968701,-1,-1,-1,0.8137715179968701,0.3689099331178371,69,0.6110029633131546
SGK,SGK2,0.8137715179968701,-1,-1,-1,0.8137715179968701,0.3689099331178371,69,0.6110029633131546
SGK,SGK3,0.8137715179968701,-1,-1,-1,0.8137715179968701,0.3689099331178371,69,0.6110029633131546
STE7,MAP2K1,0.7762128325508607,-1,-1,-1,0.7762128325508607,0.3628404371517302,66,0.5863155555446977
STE7,MAP2K2,0.7762128325508607,-1,-1,-1,0.7762128325508607,0.3628404371517302,66,0.5863155555446977
STE7,MAP2K3,0.7762128325508607,-1,-1,-1,0.7762128325508607,0.3628404371517302,66,0.5863155555446977
STE7,MAP2K4,0.7762128325508607,-1,-1,-1,0.7762128325508607,0.3628404371517302,67,0.5863155555446977
STE7,MAP2K5,0.7762128325508607,-1,-1,-1,0.7762128325508607,0.3628404371517302,67,0.5863155555446977
STE7,MAP2K6,0.7762128325508607,-1,-1,-1,0.7762128325508607,0.3628404371517302,67,0.5863155555446977
STE7,MAP2K7,0.7762128325508607,-1,-1,-1,0.7762128325508607,0.3628404371517302,67,0.5863155555446977
BARK2,GRK3,0.6259780907668232,-1,-1,-1,0.6259780907668232,0.3385624532873025,55,0.48756592447086977
PKG,PRKG1,0.863849765258216,-1,-1,-1,0.863849765258216,0.37700259440597966,73,0.6439195070044307
PKG,PRKG2,0.863849765258216,-1,-1,-1,0.863849765258216,0.37700259440597966,73,0.6439195070044307
NMO,NLK,0.8763693270735524,-1,-1,-1,0.8763693270735524,0.37902575972801533,74,0.6521486429272497
RAD53,CHEK2,0.838810641627543,-1,-1,-1,0.838810641627543,0.37295626376190844,71,0.6274612351587928
MAPKAPK,MAPKAPK2,0.7511737089201878,-1,-1,-1,0.7511737089201878,0.35879410650765886,64,0.5698572836990595
MAPKAPK,MAPKAPK3,0.7511737089201878,-1,-1,-1,0.7511737089201878,0.35879410650765886,64,0.5698572836990595
MAPKAPK,MAPKAPK5,0.7511737089201878,-1,-1,-1,0.7511737089201878,0.35879410650765886,64,0.5698572836990595
MAPKAPK,MKNK1,0.7511737089201878,-1,-1,-1,0.7511737089201878,0.35879410650765886,65,0.5698572836990595
MAPKAPK,MKNK2,0.7511737089201878,-1,-1,-1,0.7511737089201878,0.35879410650765886,65,0.5698572836990595
PHK,PHKG1,0.701095461658842,-1,-1,-1,0.701095461658842,0.3507014452195163,60,0.5369407400077836
PHK,PHKG2,0.701095461658842,-1,-1,-1,0.701095461658842,0.3507014452195163,60,0.5369407400077836
AMPK,PRKAA1,0.9014084507042254,-1,-1,-1,0.9014084507042254,0.38307209037208656,75,0.6686069147728875
AMPK,PRKAA2,0.9014084507042254,-1,-1,-1,0.9014084507042254,0.38307209037208656,75,0.6686069147728875
IRAK,IRAK1,0.5633802816901409,-1,-1,-1,0.5633802816901409,0.32844662667712426,51,0.4464202448567747
IRAK,IRAK2,0.5633802816901409,-1,-1,-1,0.5633802816901409,0.32844662667712426,51,0.4464202448567747
IRAK,IRAK3,0.5633802816901409,-1,-1,-1,0.5633802816901409,0.32844662667712426,51,0.4464202448567747
IRAK,IRAK4,0.5633802816901409,-1,-1,-1,0.5633802816901409,0.32844662667712426,51,0.4464202448567747
MST,STK3,0.8513302034428795,-1,-1,-1,0.8513302034428795,0.374979429083944,72,0.6356903710816115
MST,STK4,0.8513302034428795,-1,-1,-1,0.8513302034428795,0.374979429083944,72,0.6356903710816115
FRAY,OXSR1,0.6009389671361502,-1,-1,-1,0.6009389671361502,0.3345161226432312,54,0.4711076526252318
FRAY,STK39,0.6009389671361502,-1,-1,-1,0.6009389671361502,0.3345161226432312,54,0.4711076526252318
LKB,STK11,0.6635367762128326,-1,-1,-1,0.6635367762128326,0.3446319492534094,57,0.5122533322393267
P38,MAPK11,0.6885758998435054,-1,-1,-1,0.6885758998435054,0.3486782798974807,59,0.5287116040849646
P38,MAPK12,0.6885758998435054,-1,-1,-1,0.6885758998435054,0.3486782798974807,59,0.5287116040849646
P38,MAPK13,0.6885758998435054,-1,-1,-1,0.6885758998435054,0.3486782798974807,59,0.5287116040849646
P38,MAPK14,0.6885758998435054,-1,-1,-1,0.6885758998435054,0.3486782798974807,59,0.5287116040849646
PKD,PRKD1,0.8888888888888888,-1,-1,-1,0.8888888888888888,0.38104892505005095,74,0.6603777788500687
PKD,PRKD2,0.8888888888888888,-1,-1,-1,0.8888888888888888,0.38104892505005095,74,0.6603777788500687
PKD,PRKD3,0.8888888888888888,-1,-1,-1,0.8888888888888888,0.38104892505005095,75,0.6603777788500687
MLCK,MYLK,0.6384976525821596,-1,-1,-1,0.6384976525821596,0.3405856186093381,56,0.49579506039368865
MLCK,MYLK2,0.6384976525821596,-1,-1,-1,0.6384976525821596,0.3405856186093381,56,0.49579506039368865
MLCK,TTN,0.6384976525821596,-1,-1,-1,0.6384976525821596,0.3405856186093381,56,0.49579506039368865
PDK1,PDK1,0.8012519561815337,-1,-1,-1,0.8012519561815337,0.3668867677958015,68,0.6027738273903358
PDK1,PDPK1,0.8012519561815337,-1,-1,-1,0.8012519561815337,0.3668867677958015,68,0.6027738273903358
CHK1,CHEK1,0.6009389671361502,-1,-1,-1,0.6009389671361502,0.3345161226432312,54,0.4711076526252318
DMPK,CDC42BPA,0.7386541471048513,-1,-1,-1,0.7386541471048513,0.3567709411856232,63,0.5616281477762404
DMPK,CDC42BPB,0.7386541471048513,-1,-1,-1,0.7386541471048513,0.3567709411856232,63,0.5616281477762404
DMPK,CDC42BPG,0.7386541471048513,-1,-1,-1,0.7386541471048513,0.3567709411856232,63,0.5616281477762404
DMPK,CIT,0.7386541471048513,-1,-1,-1,0.7386541471048513,0.3567709411856232,63,0.5616281477762404
DMPK,DMPK,0.7386541471048513,-1,-1,-1,0.7386541471048513,0.3567709411856232,63,0.5616281477762404
DMPK,ROCK1,0.7386541471048513,-1,-1,-1,0.7386541471048513,0.3567709411856232,63,0.5616281477762404
DMPK,ROCK2,0.7386541471048513,-1,-1,-1,0.7386541471048513,0.3567709411856232,64,0.5616281477762404
PEK,EIF2AK1,0.4006259780907668,-1,-1,-1,0.4006259780907668,0.3021454774906609,36,0.3394414778601276
PEK,EIF2AK2,0.4006259780907668,-1,-1,-1,0.4006259780907668,0.3021454774906609,37,0.3394414778601276
PEK,EIF2AK3,0.4006259780907668,-1,-1,-1,0.4006259780907668,0.3021454774906609,37,0.3394414778601276
PEK,EIF2AK4,0.4006259780907668,-1,-1,-1,0.4006259780907668,0.3021454774906609,37,0.3394414778601276
GSK,GSK3A,0.7636932707355243,-1,-1,-1,0.7636932707355243,0.3608172718296945,65,0.5780864196218785
GSK,GSK3B,0.7636932707355243,-1,-1,-1,0.7636932707355243,0.3608172718296945,66,0.5780864196218785
PAKA,PAK1,0.7887323943661971,-1,-1,-1,0.7887323943661971,0.36486360247376587,68,0.5945446914675169
PAKA,PAK2,0.7887323943661971,-1,-1,-1,0.7887323943661971,0.36486360247376587,68,0.5945446914675169
PAKA,PAK3,0.7887323943661971,-1,-1,-1,0.7887323943661971,0.36486360247376587,68,0.5945446914675169
PKCA,PRKCA,0.7261345852895149,-1,-1,-1,0.7261345852895149,0.3547477758635876,62,0.5533990118534216
PKCA,PRKCB,0.7261345852895149,-1,-1,-1,0.7261345852895149,0.3547477758635876,62,0.5533990118534216
PKCA,PRKCG,0.7261345852895149,-1,-1,-1,0.7261345852895149,0.3547477758635876,62,0.5533990118534216
BUD32,TP53RK,0.3881064162754303,-1,-1,-1,0.3881064162754303,0.3001223121686252,36,0.3312123419373085
PKCI,PRKCI,0.350547730829421,-1,-1,-1,0.350547730829421,0.29405281620251833,33,0.3065249341688516
PKCI,PRKCZ,0.350547730829421,-1,-1,-1,0.350547730829421,0.29405281620251833,33,0.3065249341688516
KHS,MAP4K1,0.676056338028169,-1,-1,-1,0.676056338028169,0.346655114575445,58,0.5204824681621455
KHS,MAP4K2,0.676056338028169,-1,-1,-1,0.676056338028169,0.346655114575445,58,0.5204824681621455
KHS,MAP4K3,0.676056338028169,-1,-1,-1,0.676056338028169,0.346655114575445,58,0.5204824681621455
KHS,MAP4K5,0.676056338028169,-1,-1,-1,0.676056338028169,0.346655114575445,58,0.5204824681621455
MOS,MOS,0.4507042253521127,-1,-1,-1,0.4507042253521127,0.31023813877880346,40,0.3723580215514036
WNK,WNK1,0.325508607198748,-1,-1,-1,0.325508607198748,0.29000648555844705,31,0.2900666623232136
WNK,WNK2,0.325508607198748,-1,-1,-1,0.325508607198748,0.29000648555844705,31,0.2900666623232136
WNK,WNK3,0.325508607198748,-1,-1,-1,0.325508607198748,0.29000648555844705,31,0.2900666623232136
WNK,WNK4,0.325508607198748,-1,-1,-1,0.325508607198748,0.29000648555844705,31,0.2900666623232136
TAO,TAOK1,0.5758998435054773,-1,-1,-1,0.5758998435054773,0.33046979199915993,52,0.45464938077959377
TAO,TAOK2,0.5758998435054773,-1,-1,-1,0.5758998435054773,0.33046979199915993,52,0.45464938077959377
TAO,TAOK3,0.5758998435054773,-1,-1,-1,0.5758998435054773,0.33046979199915993,52,0.45464938077959377
CK2,CSNK2A1,0.5508607198748043,-1,-1,-1,0.5508607198748043,0.32642346135508865,49,0.4381911089339558
CK2,CSNK2A2,0.5508607198748043,-1,-1,-1,0.5508607198748043,0.32642346135508865,50,0.4381911089339558
CK2,CSNK2A3,0.5508607198748043,-1,-1,-1,0.5508607198748043,0.32642346135508865,50,0.4381911089339558
CK1,CSNK1A1,0.2128325508607199,-1,-1,-1,0.2128325508607199,0.2717979976601263,21,0.21600443901784275
CK1,CSNK1A1L,0.2128325508607199,-1,-1,-1,0.2128325508607199,0.2717979976601263,21,0.21600443901784275
CK1,CSNK1D,0.2128325508607199,-1,-1,-1,0.2128325508607199,0.2717979976601263,21,0.21600443901784275
CK1,CSNK1E,0.2128325508607199,-1,-1,-1,0.2128325508607199,0.2717979976601263,21,0.21600443901784275
CK1,CSNK1G1,0.2128325508607199,-1,-1,-1,0.2128325508607199,0.2717979976601263,22,0.21600443901784275
CK1,CSNK1G2,0.2128325508607199,-1,-1,-1,0.2128325508607199,0.2717979976601263,22,0.21600443901784275
CK1,CSNK1G3,0.2128325508607199,-1,-1,-1,0.2128325508607199,0.2717979976601263,22,0.21600443901784275
CK1,TTBK1,0.2128325508607199,-1,-1,-1,0.2128325508607199,0.2717979976601263,22,0.21600443901784275
CK1,TTBK2,0.2128325508607199,-1,-1,-1,0.2128325508607199,0.2717979976601263,22,0.21600443901784275
CK1,VRK3,0.2128325508607199,-1,-1,-1,0.2128325508607199,0.2717979976601263,22,0.21600443901784275
STKR,ACVR1,0.162754303599374,-1,-1,-1,0.162754303599374,0.2637053363719837,16,0.18308789532656652
STKR,ACVR1B,0.162754303599374,-1,-1,-1,0.162754303599374,0.2637053363719837,16,0.18308789532656652
STKR,ACVR1C,0.162754303599374,-1,-1,-1,0.162754303599374,0.2637053363719837,16,0.18308789532656652
STKR,ACVR2A,0.162754303599374,-1,-1,-1,0.162754303599374,0.2637053363719837,16,0.18308789532656652
STKR,ACVR2B,0.162754303599374,-1,-1,-1,0.162754303599374,0.2637053363719837,16,0.18308789532656652
STKR,ACVRL1,0.162754303599374,-1,-1,-1,0.162754303599374,0.2637053363719837,16,0.18308789532656652
STKR,AMHR2,0.162754303599374,-1,-1,-1,0.162754303599374,0.2637053363719837,17,0.18308789532656652
STKR,BMPR1A,0.162754303599374,-1,-1,-1,0.162754303599374,0.2637053363719837,17,0.18308789532656652
STKR,BMPR1B,0.162754303599374,-1,-1,-1,0.162754303599374,0.2637053363719837,17,0.18308789532656652
STKR,BMPR2,0.162754303599374,-1,-1,-1,0.162754303599374,0.2637053363719837,17,0.18308789532656652
STKR,TGFBR1,0.162754303599374,-1,-1,-1,0.162754303599374,0.2637053363719837,17,0.18308789532656652
STKR,TGFBR2,0.162754303599374,-1,-1,-1,0.162754303599374,0.2637053363719837,17,0.18308789532656652
NEK,NEK11,0.20031298904538344,-1,-1,-1,0.20031298904538344,0.2697748323380907,20,0.20777530309502387
NEK,NEK2,0.20031298904538344,-1,-1,-1,0.20031298904538344,0.2697748323380907,20,0.20777530309502387
NEK,NEK3,0.20031298904538344,-1,-1,-1,0.20031298904538344,0.2697748323380907,20,0.20777530309502387
NEK,NEK4,0.20031298904538344,-1,-1,-1,0.20031298904538344,0.2697748323380907,20,0.20777530309502387
NEK,NEK5,0.20031298904538344,-1,-1,-1,0.20031298904538344,0.2697748323380907,20,0.20777530309502387
NEK,NEK6,0.20031298904538344,-1,-1,-1,0.20031298904538344,0.2697748323380907,20,0.20777530309502387
NEK,NEK7,0.20031298904538344,-1,-1,-1,0.20031298904538344,0.2697748323380907,20,0.20777530309502387
NEK,NEK8,0.20031298904538344,-1,-1,-1,0.20031298904538344,0.2697748323380907,20,0.20777530309502387
NEK,NEK9,0.20031298904538344,-1,-1,-1,0.20031298904538344,0.2697748323380907,21,0.20777530309502387
NAK,AAK1,0.513302034428795,-1,-1,-1,0.513302034428795,0.32035396538898164,46,0.41350370116549845
NAK,BMP2K,0.513302034428795,-1,-1,-1,0.513302034428795,0.32035396538898164,46,0.41350370116549845
NAK,GAK,0.513302034428795,-1,-1,-1,0.513302034428795,0.32035396538898164,46,0.41350370116549845
NAK,STK16,0.513302034428795,-1,-1,-1,0.513302034428795,0.32035396538898164,46,0.41350370116549845
TLK,TLK1,0.5007824726134585,-1,-1,-1,0.5007824726134585,0.31833080006694603,45,0.4052745652426796
TLK,TLK2,0.5007824726134585,-1,-1,-1,0.5007824726134585,0.31833080006694603,45,0.4052745652426796
PKN,PKN1,0.513302034428795,-1,-1,-1,0.513302034428795,0.32035396538898164,46,0.41350370116549845
PKN,PKN2,0.513302034428795,-1,-1,-1,0.513302034428795,0.32035396538898164,47,0.41350370116549845
PKN,PKN3,0.513302034428795,-1,-1,-1,0.513302034428795,0.32035396538898164,47,0.41350370116549845
STE11,MAP3K7,0.4632237871674491,-1,-1,-1,0.4632237871674491,0.31226130410083913,42,0.3805871574742227
STE11,MAP3K1,0.4632237871674491,-1,-1,-1,0.4632237871674491,0.31226130410083913,42,0.3805871574742227
STE11,MAP3K15,0.4632237871674491,-1,-1,-1,0.4632237871674491,0.31226130410083913,42,0.3805871574742227
STE11,MAP3K2,0.4632237871674491,-1,-1,-1,0.4632237871674491,0.31226130410083913,42,0.3805871574742227
STE11,MAP3K3,0.4632237871674491,-1,-1,-1,0.4632237871674491,0.31226130410083913,42,0.3805871574742227
STE11,MAP3K4,0.4632237871674491,-1,-1,-1,0.4632237871674491,0.31226130410083913,42,0.3805871574742227
STE11,MAP3K5,0.4632237871674491,-1,-1,-1,0.4632237871674491,0.31226130410083913,43,0.3805871574742227
STE11,MAP3K6,0.4632237871674491,-1,-1,-1,0.4632237871674491,0.31226130410083913,43,0.3805871574742227
CAMK1,CAMK1,0.7136150234741784,-1,-1,-1,0.7136150234741784,0.3527246105415519,61,0.5451698759306024
CAMK1,CAMK1D,0.7136150234741784,-1,-1,-1,0.7136150234741784,0.3527246105415519,61,0.5451698759306024
CAMK1,CAMK1G,0.7136150234741784,-1,-1,-1,0.7136150234741784,0.3527246105415519,61,0.5451698759306024
CAMK1,CAMK4,0.7136150234741784,-1,-1,-1,0.7136150234741784,0.3527246105415519,61,0.5451698759306024
CAMK1,PNCK,0.7136150234741784,-1,-1,-1,0.7136150234741784,0.3527246105415519,61,0.5451698759306024
SLK,SLK,0.28794992175273865,-1,-1,-1,0.28794992175273865,0.28393698959234015,28,0.26537925455475675
SLK,STK10,0.28794992175273865,-1,-1,-1,0.28794992175273865,0.28393698959234015,28,0.26537925455475675
CLK,CLK1,0.25039123630672927,-1,-1,-1,0.25039123630672927,0.2778674936262332,25,0.24069184678629962
CLK,CLK2,0.25039123630672927,-1,-1,-1,0.25039123630672927,0.2778674936262332,25,0.24069184678629962
CLK,CLK3,0.25039123630672927,-1,-1,-1,0.25039123630672927,0.2778674936262332,25,0.24069184678629962
CLK,CLK4,0.25039123630672927,-1,-1,-1,0.25039123630672927,0.2778674936262332,25,0.24069184678629962
CAMKK,CAMKK1,0.2378716744913928,-1,-1,-1,0.2378716744913928,0.2758443283041976,24,0.23246271086348075
CAMKK,CAMKK2,0.2378716744913928,-1,-1,-1,0.2378716744913928,0.2758443283041976,24,0.23246271086348075
ULK,STK36,0.3129890453834116,-1,-1,-1,0.3129890453834116,0.28798332023641143,29,0.2818375264003947
ULK,ULK1,0.3129890453834116,-1,-1,-1,0.3129890453834116,0.28798332023641143,29,0.2818375264003947
ULK,ULK2,0.3129890453834116,-1,-1,-1,0.3129890453834116,0.28798332023641143,29,0.2818375264003947
ULK,ULK3,0.3129890453834116,-1,-1,-1,0.3129890453834116,0.28798332023641143,30,0.2818375264003947
ULK,ULK4,0.3129890453834116,-1,-1,-1,0.3129890453834116,0.28798332023641143,30,0.2818375264003947
PASK,PASK,0.27543035993740217,-1,-1,-1,0.27543035993740217,0.2819138242703045,27,0.2571501186319376
MTOR,MTOR,0.3380281690140845,-1,-1,-1,0.3380281690140845,0.2920296508804827,32,0.29829579824603275
VRK1,VRK1,0.48826291079812206,-1,-1,-1,0.48826291079812206,0.3163076347449104,44,0.3970454293198607
BRSK,BRSK1,0.3004694835680751,-1,-1,-1,0.3004694835680751,0.28596015491437576,28,0.2736083904775756
BRSK,BRSK2,0.3004694835680751,-1,-1,-1,0.3004694835680751,0.28596015491437576,29,0.2736083904775756
MSN,MAP4K4,0.3755868544600939,-1,-1,-1,0.3755868544600939,0.2980991468465896,35,0.3229832060144896
MSN,NRK,0.3755868544600939,-1,-1,-1,0.3755868544600939,0.2980991468465896,35,0.3229832060144896
MSN,TNIK,0.3755868544600939,-1,-1,-1,0.3755868544600939,0.2980991468465896,35,0.3229832060144896
PRKDC,PRKDC,0.4131455399061033,-1,-1,-1,0.4131455399061033,0.3041686428126965,38,0.3476706137829465
NIK,MAP3K14,0.26291079812206575,-1,-1,-1,0.26291079812206575,0.27989065894826887,26,0.24892098270911875
COT,MAP3K8,0.4256651017214398,-1,-1,-1,0.4256651017214398,0.30619180813473224,38,0.3558997497057658
ATM,ATM,0.07511737089201878,-1,-1,-1,0.07511737089201878,0.24954317911773422,8,0.12548394386683365
QIK,SIK1,0.12519561815336464,-1,-1,-1,0.12519561815336464,0.2576358404058768,13,0.15840048755810965
QIK,SIK2,0.12519561815336464,-1,-1,-1,0.12519561815336464,0.2576358404058768,13,0.15840048755810965
PIM,PIM1,0.05007824726134585,-1,-1,-1,0.05007824726134585,0.24549684847366293,7,0.10902567202119566
PIM,PIM2,0.05007824726134585,-1,-1,-1,0.05007824726134585,0.24549684847366293,7,0.10902567202119566
PIM,PIM3,0.05007824726134585,-1,-1,-1,0.05007824726134585,0.24549684847366293,7,0.10902567202119566
TTK,TTK,0.02503912363067292,-1,-1,-1,0.02503912363067292,0.24145051782959168,5,0.09256740017555778
NUAK,NUAK1,0.01251956181533646,-1,-1,-1,0.01251956181533646,0.23942735250755603,4,0.08433826425273878
NUAK,NUAK2,0.01251956181533646,-1,-1,-1,0.01251956181533646,0.23942735250755603,5,0.08433826425273878
HAL,NPR1,0.22535211267605632,-1,-1,-1,0.22535211267605632,0.2738211629821619,23,0.22423357494066162
PAKB,PAK4,0.36306729264475746,-1,-1,-1,0.36306729264475746,0.296075981524554,33,0.3147540700916707
PAKB,PAK5,0.36306729264475746,-1,-1,-1,0.36306729264475746,0.296075981524554,34,0.3147540700916707
PAKB,PAK6,0.36306729264475746,-1,-1,-1,0.36306729264475746,0.296075981524554,34,0.3147540700916707
CAMK2,CAMK2A,0.08763693270735524,-1,-1,-1,0.08763693270735524,0.2515663444397699,9,0.13371307978965277
CAMK2,CAMK2B,0.08763693270735524,-1,-1,-1,0.08763693270735524,0.2515663444397699,9,0.13371307978965277
CAMK2,CAMK2D,0.08763693270735524,-1,-1,-1,0.08763693270735524,0.2515663444397699,9,0.13371307978965277
CAMK2,CAMK2G,0.08763693270735524,-1,-1,-1,0.08763693270735524,0.2515663444397699,9,0.13371307978965277
RIPK,ANKK1,0.5383411580594679,-1,-1,-1,0.5383411580594679,0.324400296033053,48,0.4299619730111367
RIPK,RIPK1,0.5383411580594679,-1,-1,-1,0.5383411580594679,0.324400296033053,48,0.4299619730111367
RIPK,RIPK2,0.5383411580594679,-1,-1,-1,0.5383411580594679,0.324400296033053,48,0.4299619730111367
RIPK,RIPK3,0.5383411580594679,-1,-1,-1,0.5383411580594679,0.324400296033053,49,0.4299619730111367
RIPK,RIPK4,0.5383411580594679,-1,-1,-1,0.5383411580594679,0.324400296033053,49,0.4299619730111367
DAPK,DAPK1,0.03755868544600939,-1,-1,-1,0.03755868544600939,0.24347368315162732,6,0.10079653609837678
DAPK,DAPK2,0.03755868544600939,-1,-1,-1,0.03755868544600939,0.24347368315162732,6,0.10079653609837678
DAPK,DAPK3,0.03755868544600939,-1,-1,-1,0.03755868544600939,0.24347368315162732,6,0.10079653609837678
DAPK,STK17A,0.03755868544600939,-1,-1,-1,0.03755868544600939,0.24347368315162732,6,0.10079653609837678
DAPK,STK17B,0.03755868544600939,-1,-1,-1,0.03755868544600939,0.24347368315162732,6,0.10079653609837678
PDHK,BCKDK,0.11267605633802816,-1,-1,-1,0.11267605633802816,0.25561267508384117,11,0.15017135163529077
PDHK,PDK2,0.11267605633802816,-1,-1,-1,0.11267605633802816,0.25561267508384117,11,0.15017135163529077
PDHK,PDK3,0.11267605633802816,-1,-1,-1,0.11267605633802816,0.25561267508384117,11,0.15017135163529077
PDHK,PDK4,0.11267605633802816,-1,-1,-1,0.11267605633802816,0.25561267508384117,11,0.15017135163529077
RAF,ARAF,0.18779342723004697,-1,-1,-1,0.18779342723004697,0.267751667016055,18,0.19954616717220475
RAF,BRAF,0.18779342723004697,-1,-1,-1,0.18779342723004697,0.267751667016055,19,0.19954616717220475
RAF,KSR1,0.18779342723004697,-1,-1,-1,0.18779342723004697,0.267751667016055,19,0.19954616717220475
RAF,KSR2,0.18779342723004697,-1,-1,-1,0.18779342723004697,0.267751667016055,19,0.19954616717220475
RAF,RAF1,0.18779342723004697,-1,-1,-1,0.18779342723004697,0.267751667016055,19,0.19954616717220475
ATR,ATR,0,-1,-1,-1,0,0.2374041871855204,4,0.07610912832991978
PKCD,PRKCD,0.4757433489827856,-1,-1,-1,0.4757433489827856,0.31428446942287475,43,0.3888162933970416
PKCD,PRKCQ,0.4757433489827856,-1,-1,-1,0.4757433489827856,0.31428446942287475,44,0.3888162933970416
NDR,LATS1,0.1752738654147105,-1,-1,-1,0.1752738654147105,0.2657285016940194,18,0.19131703124938587
NDR,LATS2,0.1752738654147105,-1,-1,-1,0.1752738654147105,0.2657285016940194,18,0.19131703124938587
NDR,STK38,0.1752738654147105,-1,-1,-1,0.1752738654147105,0.2657285016940194,18,0.19131703124938587
NDR,STK38L,0.1752738654147105,-1,-1,-1,0.1752738654147105,0.2657285016940194,18,0.19131703124938587
PKCH,PRKCE,0.4381846635367762,-1,-1,-1,0.4381846635367762,0.30821497345676785,39,0.3641288856285847
PKCH,PRKCH,0.4381846635367762,-1,-1,-1,0.4381846635367762,0.30821497345676785,39,0.3641288856285847
MELK,MELK,0.10015649452269172,-1,-1,-1,0.10015649452269172,0.2535895097618055,10,0.14194221571247165
AUR,AURKA,0.15023474178403756,-1,-1,-1,0.15023474178403756,0.26168217104994806,15,0.17485875940374765
AUR,AURKB,0.15023474178403756,-1,-1,-1,0.15023474178403756,0.26168217104994806,15,0.17485875940374765
AUR,AURKC,0.15023474178403756,-1,-1,-1,0.15023474178403756,0.26168217104994806,15,0.17485875940374765
MLK,ILK,0.13771517996870108,-1,-1,-1,0.13771517996870108,0.25965900572791245,14,0.16662962348092877
MLK,MAP3K10,0.13771517996870108,-1,-1,-1,0.13771517996870108,0.25965900572791245,14,0.16662962348092877
MLK,MAP3K11,0.13771517996870108,-1,-1,-1,0.13771517996870108,0.25965900572791245,14,0.16662962348092877
MLK,MAP3K12,0.13771517996870108,-1,-1,-1,0.13771517996870108,0.25965900572791245,14,0.16662962348092877
MLK,MAP3K13,0.13771517996870108,-1,-1,-1,0.13771517996870108,0.25965900572791245,14,0.16662962348092877
MLK,MAP3K9,0.13771517996870108,-1,-1,-1,0.13771517996870108,0.25965900572791245,14,0.16662962348092877
MLK,TNNI3K,0.13771517996870108,-1,-1,-1,0.13771517996870108,0.25965900572791245,15,0.16662962348092877
IKK,CHUK,0.5884194053208138,-1,-1,-1,0.5884194053208138,0.33249295732119555,53,0.4628785167024127
IKK,IKBKB,0.5884194053208138,-1,-1,-1,0.5884194053208138,0.33249295732119555,53,0.4628785167024127
IKK,IKBKE,0.5884194053208138,-1,-1,-1,0.5884194053208138,0.33249295732119555,53,0.4628785167024127
IKK,TBK1,0.5884194053208138,-1,-1,-1,0.5884194053208138,0.33249295732119555,53,0.4628785167024127
GRK,GRK1,0.06259780907668232,-1,-1,-1,0.06259780907668232,0.2475200137956986,8,0.11725480794401477
GRK,GRK4,0.06259780907668232,-1,-1,-1,0.06259780907668232,0.2475200137956986,8,0.11725480794401477
GRK,GRK5,0.06259780907668232,-1,-1,-1,0.06259780907668232,0.2475200137956986,8,0.11725480794401477
GRK,GRK6,0.06259780907668232,-1,-1,-1,0.06259780907668232,0.2475200137956986,8,0.11725480794401477
GRK,GRK7,0.06259780907668232,-1,-1,-1,0.06259780907668232,0.2475200137956986,8,0.11725480794401477
