Kinase,Score,Rank,Method,Perc,Qrt,group,KinaseFamily,subfamily,hgnc_symbol
SGK1,68.51423299563942,8,PTM-SEA,0.8888888888888888,4,AGC,SGK,SGK,SGK1
PIK3C2A,0,54,PTM-SEA,0,1,NA,NA,NA,PIK3C2A
CHEK1,-9.114160836115953,44,PTM-SEA,0.3472222222222222,2,CAMK,CAMKL,CHK1,CHEK1
AURKA,-37.86374240006248,22,PTM-SEA,0.6944444444444444,3,OTHER,AUR,AUR,AURKA
DAPK3,0,54,PTM-SEA,0,1,CAMK,DAPK,DAPK,DAPK3
RPS6KA5,79.83601387760774,5,PTM-SEA,0.9305555555555556,4,AGC,RSK,MSK,RPS6KA5
CHEK2,-28.19229365232129,27,PTM-SEA,0.6111111111111112,3,CAMK,RAD53,RAD53,CHEK2
RAF1,-9.589663328407715,43,PTM-SEA,0.3611111111111111,2,TKL,RAF,RAF,RAF1
PRKCG,0,54,PTM-SEA,0,1,AGC,PKC,ALPHA,PRKCG
PRKCB,21.496233555185366,31,PTM-SEA,0.5555555555555556,3,AGC,PKC,ALPHA,PRKCB
CDK1,75.58161279637864,7,PTM-SEA,0.9027777777777778,4,CMGC,CDK,CDC2,CDK1
ARAF,-81.31297348378948,4,PTM-SEA,0.9444444444444444,4,TKL,RAF,RAF,ARAF
PIM1,-3.5933440719965777,50,PTM-SEA,0.2638888888888889,2,CAMK,PIM,PIM,PIM1
CDK4,44.10414809618756,18,PTM-SEA,0.75,4,CMGC,CDK,CDK4,CDK4
BRAF,-81.31297348378948,4,PTM-SEA,0.9444444444444444,4,TKL,RAF,RAF,BRAF
PRKCA,-22.77988474815594,29,PTM-SEA,0.5833333333333334,3,AGC,PKC,ALPHA,PRKCA
PRKACA,13.414385500387196,41,PTM-SEA,0.4166666666666667,2,AGC,PKA,PKA,PRKACA
PRKACG,3.194690198794045,51,PTM-SEA,0.25,2,AGC,PKA,PKA,PRKACG
PRKACB,-9.747232627318411,42,PTM-SEA,0.375,2,AGC,PKA,PKA,PRKACB
RPS6KB1,38.830406966800915,20,PTM-SEA,0.7222222222222222,3,AGC,RSK,P70,RPS6KB1
CDK2,61.75286385264494,9,PTM-SEA,0.875,4,CMGC,CDK,CDC2,CDK2
MAPK3,54.30712923721424,12,PTM-SEA,0.8333333333333334,4,CMGC,MAPK,ERK1,MAPK3
MAPK1,31.26153199318649,24,PTM-SEA,0.6527777777777778,3,CMGC,MAPK,ERK1,MAPK1
AKT1,20.293761658220426,33,PTM-SEA,0.5277777777777778,3,AGC,AKT,AKT,AKT1
AKT2,-43.04992639694196,19,PTM-SEA,0.7361111111111112,3,AGC,AKT,AKT,AKT2
MAP3K8,18.448762687597924,35,PTM-SEA,0.5,3,STE,STE-UNIQUE,STE-UNIQUE,MAP3K8
PRKCI,-9.747232627318411,42,PTM-SEA,0.375,2,AGC,PKC,IOTA,PRKCI
MAPK8,30.02715685637691,25,PTM-SEA,0.6388888888888888,3,CMGC,MAPK,JNK,MAPK8
MAPK9,0,54,PTM-SEA,0,1,CMGC,MAPK,JNK,MAPK9
CSNK1A1,0,54,PTM-SEA,0,1,CK1,CK1,CK1-A,CSNK1A1
CSNK1D,0,54,PTM-SEA,0,1,CK1,CK1,CK1-D,CSNK1D
MAPKAPK2,37.94464758075903,21,PTM-SEA,0.7083333333333334,3,CAMK,MAPKAPK,MAPKAPK,MAPKAPK2
GSK3B,87.84292710499241,2,PTM-SEA,0.9861111111111112,4,CMGC,GSK,GSK,GSK3B
CDK7,96.95049504950495,1,PTM-SEA,1,4,CMGC,CDK,CDK7,CDK7
CDK9,34.33663366336633,23,PTM-SEA,0.6666666666666666,3,CMGC,CDK,CDK9,CDK9
RPS6KA3,45.01870901910244,17,PTM-SEA,0.7638888888888888,4,AGC,RSK,RSK,RPS6KA3
NEK2,0,54,PTM-SEA,0,1,OTHER,NEK,NEK2,NEK2
DAPK1,0.039366894344572856,53,PTM-SEA,0.2222222222222222,1,CAMK,DAPK,DAPK,DAPK1
PRKAA2,-46.769126495101695,16,PTM-SEA,0.7777777777777778,4,CAMK,CAMKL,AMPK,PRKAA2
CSNK2A1,-83.15135967984719,3,PTM-SEA,0.9722222222222222,4,CMGC,CK2,CK2,CSNK2A1
PRKDC,-19.150696035636997,34,PTM-SEA,0.5138888888888888,3,ATYPICAL,PIKK,DNAPK,PRKDC
ATM,15.561239764316738,38,PTM-SEA,0.4583333333333333,2,ATYPICAL,PIKK,ATM,ATM
AURKB,-48.26707680556366,15,PTM-SEA,0.7916666666666666,4,OTHER,AUR,AUR,AURKB
CDK3,0,54,PTM-SEA,0,1,CMGC,CDK,CDC2,CDK3
CDK6,34.33663366336633,23,PTM-SEA,0.6666666666666666,3,CMGC,CDK,CDK4,CDK6
CDK5,-26.53269146386915,28,PTM-SEA,0.5972222222222222,3,CMGC,CDK,CDK5,CDK5
PRKCE,14.27513277715847,40,PTM-SEA,0.4305555555555556,2,AGC,PKC,ETA,PRKCE
PRKCQ,51.35181487260539,13,PTM-SEA,0.8194444444444444,4,AGC,PKC,DELTA,PRKCQ
PRKCZ,49.515087929368754,14,PTM-SEA,0.8055555555555556,4,AGC,PKC,IOTA,PRKCZ
PRKCD,55.98417417029398,11,PTM-SEA,0.8472222222222222,4,AGC,PKC,DELTA,PRKCD
PRKAA1,-28.61150354864237,26,PTM-SEA,0.625,3,CAMK,CAMKL,AMPK,PRKAA1
PAK1,4.198693333651563,49,PTM-SEA,0.2777777777777778,2,STE,STE20,PAKA,PAK1
PAK2,58.57425742574258,10,PTM-SEA,0.8611111111111112,4,STE,STE20,PAKA,PAK2
PRKG2,21.375106288720573,32,PTM-SEA,0.5416666666666666,3,AGC,PKG,PKG,PRKG2
ROCK1,0,54,PTM-SEA,0,1,AGC,DMPK,ROCK,ROCK1
ATR,-15.045913002020615,39,PTM-SEA,0.4444444444444444,2,ATYPICAL,PIKK,ATR,ATR
CAMK2G,0,54,PTM-SEA,0,1,CAMK,CAMK2,CAMK2,CAMK2G
DYRK1A,16.476855871328247,37,PTM-SEA,0.4722222222222222,2,CMGC,DYRK,DYRK1,DYRK1A
PRKG1,-16.652944203085628,36,PTM-SEA,0.4861111111111111,2,AGC,PKG,PKG,PRKG1
PRKD1,6.720659017517385,45,PTM-SEA,0.3333333333333333,2,CAMK,PKD,PKD,PRKD1
RPS6KA2,-1.3811709869765285,52,PTM-SEA,0.2361111111111111,1,AGC,RSK,RSK,RPS6KA2
RPS6KA1,4.725468162903004,48,PTM-SEA,0.2916666666666667,2,AGC,RSK,RSK,RPS6KA1
PKN1,5.4100057795744725,47,PTM-SEA,0.3055555555555556,2,AGC,PKN,PKN,PKN1
MAPK14,79.4192299502942,6,PTM-SEA,0.9166666666666666,4,CMGC,MAPK,P38,MAPK14
PIM3,-9.747232627318411,42,PTM-SEA,0.375,2,CAMK,PIM,PIM,PIM3
BRSK2,0,54,PTM-SEA,0,1,CAMK,CAMKL,BRSK,BRSK2
BRSK1,0,54,PTM-SEA,0,1,CAMK,CAMKL,BRSK,BRSK1
PASK,0,54,PTM-SEA,0,1,CAMK,CAMKL,PASK,PASK
VRK1,0,54,PTM-SEA,0,1,CK1,VRK,VRK,VRK1
PLK3,0,54,PTM-SEA,0,1,OTHER,PLK,PLK2,PLK3
NEK6,0,54,PTM-SEA,0,1,OTHER,NEK,NEK6,NEK6
PIM2,-6.406620437838609,46,PTM-SEA,0.3194444444444444,2,CAMK,PIM,PIM,PIM2
AKT3,-21.54623129892152,30,PTM-SEA,0.5694444444444444,3,AGC,AKT,AKT,AKT3
AAK1,303,270,KEA3,0.08571428571428572,1,OTHER,NAK,BIKE,AAK1
ABL1,43.666666666666664,25,KEA3,0.9257142857142857,4,TK,ABL,ABL,ABL1
ABL2,161.33333333333334,163,KEA3,0.43714285714285717,2,TK,ABL,ABL,ABL2
ACVR1,69,51,KEA3,0.8228571428571428,4,TKL,STKR,TYPE1,ACVR1
ACVR1B,213,213,KEA3,0.26,2,TKL,STKR,TYPE1,ACVR1B
ACVR2B,213,213,KEA3,0.26,2,TKL,STKR,TYPE2,ACVR2B
AKT1,19.666666666666668,6,KEA3,0.9828571428571429,4,AGC,AKT,AKT,AKT1
AKT2,41.333333333333336,23,KEA3,0.9314285714285714,4,AGC,AKT,AKT,AKT2
AKT3,190,189,KEA3,0.34,2,AGC,AKT,AKT,AKT3
ALK,66.5,47,KEA3,0.8428571428571429,4,TK,ALK,ALK,ALK
ARAF,71.5,53,KEA3,0.8171428571428572,4,TKL,RAF,RAF,ARAF
ATM,116.66666666666667,106,KEA3,0.64,3,ATYPICAL,PIKK,ATM,ATM
ATR,77.33333333333333,60,KEA3,0.7942857142857143,4,ATYPICAL,PIKK,ATR,ATR
AURKA,39.666666666666664,21,KEA3,0.9371428571428572,4,OTHER,AUR,AUR,AURKA
AURKB,48,29,KEA3,0.9114285714285715,4,OTHER,AUR,AUR,AURKB
AURKC,185.5,186,KEA3,0.3485714285714286,2,OTHER,AUR,AUR,AURKC
AXL,163.5,166,KEA3,0.42857142857142855,2,TK,AXL,AXL,AXL
BLK,259.5,241,KEA3,0.17142857142857143,1,TK,SRC,SRCB,BLK
BMP2K,327,290,KEA3,0.02857142857142857,1,OTHER,NAK,BIKE,BMP2K
BMPR1A,162.5,164,KEA3,0.4342857142857143,2,TKL,STKR,TYPE1,BMPR1A
BMPR1B,113,100,KEA3,0.66,3,TKL,STKR,TYPE1,BMPR1B
BMPR2,148.5,152,KEA3,0.4714285714285714,2,TKL,STKR,TYPE2,BMPR2
BMX,120,108,KEA3,0.6314285714285715,3,TK,TEC,TEC,BMX
BRAF,144.5,144,KEA3,0.5028571428571429,3,TKL,RAF,RAF,BRAF
BRSK1,132.33333333333334,131,KEA3,0.5457142857142857,3,CAMK,CAMKL,BRSK,BRSK1
BRSK2,212,211,KEA3,0.26857142857142857,2,CAMK,CAMKL,BRSK,BRSK2
BTK,86.33333333333333,69,KEA3,0.7685714285714286,4,TK,TEC,TEC,BTK
BUB1,177.5,176,KEA3,0.38571428571428573,2,OTHER,BUB,BUB,BUB1
CAMK1,122.33333333333333,111,KEA3,0.6142857142857143,3,CAMK,CAMK1,CAMK1,CAMK1
CAMK1D,247.5,234,KEA3,0.19142857142857142,1,CAMK,CAMK1,CAMK1,CAMK1D
CAMK2A,57.333333333333336,39,KEA3,0.8714285714285714,4,CAMK,CAMK2,CAMK2,CAMK2A
CAMK2B,115.5,103,KEA3,0.6514285714285715,3,CAMK,CAMK2,CAMK2,CAMK2B
CAMK2D,90.66666666666667,75,KEA3,0.74,3,CAMK,CAMK2,CAMK2,CAMK2D
CAMK2G,9,2,KEA3,0.9971428571428571,4,CAMK,CAMK2,CAMK2,CAMK2G
CAMK4,122.66666666666667,113,KEA3,0.6085714285714285,3,CAMK,CAMK1,CAMK1,CAMK4
CAMKK1,138,136,KEA3,0.5285714285714286,3,OTHER,CAMKK,META,CAMKK1
CAMKK2,123,114,KEA3,0.6057142857142858,3,OTHER,CAMKK,META,CAMKK2
CDC42BPA,290,260,KEA3,0.11428571428571428,1,AGC,DMPK,GEK,CDC42BPA
CDC7,174,174,KEA3,0.39714285714285713,2,OTHER,CDC7,CDC7,CDC7
CDK1,69,51,KEA3,0.8228571428571428,4,CMGC,CDK,CDC2,CDK1
CDK11A,194,194,KEA3,0.32,2,CMGC,CDK,CDK11,CDK11A
CDK11A,194,194,KEA3,0.32,2,NA,NA,NA,CDK11A
CDK12,201,202,KEA3,0.29428571428571426,2,CMGC,CDK,CRK7,CDK12
CDK15,272,247,KEA3,0.15428571428571428,1,CMGC,CDK,PFTAIRE,CDK15
CDK16,256,240,KEA3,0.1742857142857143,1,CMGC,CDK,PCTAIRE,CDK16
CDK18,250,236,KEA3,0.18571428571428572,1,CMGC,CDK,PCTAIRE,CDK18
CDK19,147,149,KEA3,0.4857142857142857,2,CMGC,CDK,CDK8,CDK19
CDK2,25,8,KEA3,0.9771428571428571,4,CMGC,CDK,CDC2,CDK2
CDK20,48,29,KEA3,0.9114285714285715,4,CMGC,CDK,CCRK,CDK20
CDK3,65.66666666666667,46,KEA3,0.8457142857142858,4,CMGC,CDK,CDC2,CDK3
CDK4,61.333333333333336,41,KEA3,0.8628571428571429,4,CMGC,CDK,CDK4,CDK4
CDK5,51.666666666666664,35,KEA3,0.8914285714285715,4,CMGC,CDK,CDK5,CDK5
CDK6,52.666666666666664,36,KEA3,0.8857142857142857,4,CMGC,CDK,CDK4,CDK6
CDK7,39,20,KEA3,0.94,4,CMGC,CDK,CDK7,CDK7
CDK8,129.5,124,KEA3,0.5685714285714286,3,CMGC,CDK,CDK8,CDK8
CDK9,51.666666666666664,35,KEA3,0.8914285714285715,4,CMGC,CDK,CDK9,CDK9
CDKL3,307,274,KEA3,0.07428571428571429,1,CMGC,CDKL,CDKL,CDKL3
CDKL5,78.5,61,KEA3,0.7914285714285715,4,CMGC,CDKL,CDKL,CDKL5
CHEK1,36.333333333333336,15,KEA3,0.9571428571428572,4,CAMK,CAMKL,CHK1,CHEK1
CHEK2,88.33333333333333,73,KEA3,0.7485714285714286,3,CAMK,RAD53,RAD53,CHEK2
CHUK,90,74,KEA3,0.7428571428571429,3,OTHER,IKK,IKK,CHUK
CLK1,110,98,KEA3,0.6657142857142857,3,CMGC,CLK,CLK,CLK1
CLK2,108.5,96,KEA3,0.6714285714285714,3,CMGC,CLK,CLK,CLK2
CLK3,202.5,203,KEA3,0.2914285714285714,2,CMGC,CLK,CLK,CLK3
CLK4,323,288,KEA3,0.03428571428571429,1,CMGC,CLK,CLK,CLK4
CSF1R,192,191,KEA3,0.3314285714285714,2,TK,PDGFR,PDGFR,CSF1R
CSK,114.66666666666667,102,KEA3,0.6542857142857142,3,TK,CSK,CSK,CSK
CSNK1A1,136,134,KEA3,0.5371428571428571,3,CK1,CK1,CK1-A,CSNK1A1
CSNK1A1L,338,299,KEA3,0.002857142857142857,1,CK1,CK1,CK1-A,CSNK1A1L
CSNK1D,99.33333333333333,86,KEA3,0.7028571428571428,3,CK1,CK1,CK1-D,CSNK1D
CSNK1E,119,107,KEA3,0.6371428571428571,3,CK1,CK1,CK1-D,CSNK1E
CSNK1G1,230,222,KEA3,0.22857142857142856,1,CK1,CK1,CK1-G,CSNK1G1
CSNK1G2,206,206,KEA3,0.28285714285714286,2,CK1,CK1,CK1-G,CSNK1G2
CSNK1G3,270,245,KEA3,0.16,1,CK1,CK1,CK1-G,CSNK1G3
CSNK2A1,54,37,KEA3,0.88,4,CMGC,CK2,CK2,CSNK2A1
CSNK2A2,116,105,KEA3,0.6457142857142857,3,CMGC,CK2,CK2,CSNK2A2
DAPK1,121.66666666666667,109,KEA3,0.6285714285714286,3,CAMK,DAPK,DAPK,DAPK1
DAPK3,45.333333333333336,27,KEA3,0.92,4,CAMK,DAPK,DAPK,DAPK3
DCLK1,275,249,KEA3,0.1457142857142857,1,CAMK,DCAMKL,DCAMKL,DCLK1
DDR1,75.5,59,KEA3,0.7971428571428572,4,TK,DDR,DDR,DDR1
DDR2,104,90,KEA3,0.6914285714285714,3,TK,DDR,DDR,DDR2
DMPK,184,184,KEA3,0.35428571428571426,2,AGC,DMPK,GEK,DMPK
DYRK1A,93.33333333333333,78,KEA3,0.7314285714285714,3,CMGC,DYRK,DYRK1,DYRK1A
DYRK1B,62.666666666666664,42,KEA3,0.86,4,CMGC,DYRK,DYRK1,DYRK1B
DYRK2,87,71,KEA3,0.7571428571428571,4,CMGC,DYRK,DYRK2,DYRK2
DYRK3,178.5,178,KEA3,0.37714285714285717,2,CMGC,DYRK,DYRK2,DYRK3
DYRK4,57.5,40,KEA3,0.8685714285714285,4,CMGC,DYRK,DYRK2,DYRK4
EEF2K,146,147,KEA3,0.4942857142857143,2,ATYPICAL,ALPHA,EEF2K,EEF2K
EGFR,108,95,KEA3,0.6742857142857143,3,TK,EGFR,EGFR,EGFR
EIF2AK1,318,284,KEA3,0.045714285714285714,1,OTHER,PEK,HRI,EIF2AK1
EIF2AK2,80.33333333333333,62,KEA3,0.7885714285714286,4,OTHER,PEK,PKR,EIF2AK2
EIF2AK3,336,297,KEA3,0.008571428571428572,1,OTHER,PEK,PEK,EIF2AK3
EPHA2,322,287,KEA3,0.037142857142857144,1,TK,EPH,EPH,EPHA2
EPHA3,186,187,KEA3,0.3457142857142857,2,TK,EPH,EPH,EPHA3
EPHA4,328,291,KEA3,0.025714285714285714,1,TK,EPH,EPH,EPHA4
EPHA8,335,296,KEA3,0.011428571428571429,1,TK,EPH,EPH,EPHA8
EPHB1,324,289,KEA3,0.03142857142857143,1,TK,EPH,EPH,EPHB1
EPHB2,295,264,KEA3,0.10285714285714286,1,TK,EPH,EPH,EPHB2
EPHB3,178,177,KEA3,0.38,2,TK,EPH,EPH,EPHB3
ERBB2,43.5,24,KEA3,0.9285714285714286,4,TK,EGFR,EGFR,ERBB2
ERBB4,196,196,KEA3,0.3142857142857143,2,TK,EGFR,EGFR,ERBB4
FASTK,239,230,KEA3,0.20285714285714285,1,ATYPICAL,FAST,FAST,FASTK
FER,29.5,12,KEA3,0.9657142857142857,4,TK,FER,FER,FER
FES,277,251,KEA3,0.14,1,TK,FER,FER,FES
FGFR1,140,138,KEA3,0.52,3,TK,FGFR,FGFR,FGFR1
FGFR2,166.5,169,KEA3,0.4142857142857143,2,TK,FGFR,FGFR,FGFR2
FGFR3,195,195,KEA3,0.3171428571428571,2,TK,FGFR,FGFR,FGFR3
FGFR4,158,161,KEA3,0.44285714285714284,2,TK,FGFR,FGFR,FGFR4
FGR,86.5,70,KEA3,0.7628571428571429,4,TK,SRC,SRCA,FGR
FLT1,309,276,KEA3,0.06857142857142857,1,TK,VEGFR,VEGFR,FLT1
FLT3,87,71,KEA3,0.7571428571428571,4,TK,PDGFR,PDGFR,FLT3
FLT4,276,250,KEA3,0.14285714285714285,1,TK,VEGFR,VEGFR,FLT4
FRK,200,200,KEA3,0.3,2,TK,SRC,FRK,FRK
FYN,65,44,KEA3,0.8542857142857143,4,TK,SRC,SRCA,FYN
GRK1,193,192,KEA3,0.32571428571428573,2,AGC,GRK,GRK,GRK1
GRK2,37.666666666666664,18,KEA3,0.9457142857142857,4,AGC,GRK,BARK,GRK2
GRK3,122,110,KEA3,0.6171428571428571,3,AGC,GRK,BARK,GRK3
GRK5,45,26,KEA3,0.9228571428571428,4,AGC,GRK,GRK,GRK5
GRK6,140.33333333333334,139,KEA3,0.5171428571428571,3,AGC,GRK,GRK,GRK6
GSK3A,71,52,KEA3,0.82,4,CMGC,GSK,GSK,GSK3A
GSK3B,37.666666666666664,18,KEA3,0.9457142857142857,4,CMGC,GSK,GSK,GSK3B
HASPIN,222,216,KEA3,0.24857142857142858,1,OTHER,HASPIN,HASPIN,HASPIN
HCK,134.66666666666666,132,KEA3,0.5428571428571428,3,TK,SRC,SRCB,HCK
HIPK1,86.5,70,KEA3,0.7628571428571429,4,CMGC,DYRK,HIPK,HIPK1
HIPK2,115.66666666666667,104,KEA3,0.6485714285714286,3,CMGC,DYRK,HIPK,HIPK2
HIPK3,296,265,KEA3,0.1,1,CMGC,DYRK,HIPK,HIPK3
HIPK4,93,77,KEA3,0.7342857142857143,3,CMGC,DYRK,HIPK,HIPK4
ICK,288,258,KEA3,0.12,1,CMGC,RCK,RCK,CILK1
IGF1R,107.33333333333333,94,KEA3,0.68,3,TK,INSR,INSR,IGF1R
IKBKB,85.66666666666667,68,KEA3,0.7714285714285715,4,OTHER,IKK,IKK,IKBKB
IKBKE,32.666666666666664,14,KEA3,0.96,4,OTHER,IKK,IKK,IKBKE
ILK,140,138,KEA3,0.52,3,TKL,MLK,ILK,ILK
INSR,104.66666666666667,91,KEA3,0.6885714285714286,3,TK,INSR,INSR,INSR
IRAK1,166.5,169,KEA3,0.4142857142857143,2,TKL,IRAK,IRAK,IRAK1
IRAK3,253,239,KEA3,0.17714285714285713,1,TKL,IRAK,IRAK,IRAK3
IRAK4,294,263,KEA3,0.10571428571428572,1,TKL,IRAK,IRAK,IRAK4
ITK,130.66666666666666,126,KEA3,0.5628571428571428,3,TK,TEC,TEC,ITK
JAK1,170,172,KEA3,0.4057142857142857,2,TK,JAKA,JAKA,JAK1
JAK2,65.66666666666667,46,KEA3,0.8457142857142858,4,TK,JAKA,JAKA,JAK2
JAK3,131.66666666666666,129,KEA3,0.5514285714285714,3,TK,JAKA,JAKA,JAK3
KDR,305,272,KEA3,0.08,1,TK,VEGFR,VEGFR,KDR
KIT,166,168,KEA3,0.42,2,TK,PDGFR,PDGFR,KIT
KSR1,241,231,KEA3,0.2,1,TKL,RAF,KSR,KSR1
KSR2,233,225,KEA3,0.22,1,TKL,RAF,KSR,KSR2
LATS1,197.33333333333334,198,KEA3,0.30857142857142855,2,AGC,NDR,NDR,LATS1
LATS2,96,81,KEA3,0.72,3,AGC,NDR,NDR,LATS2
LCK,63.666666666666664,43,KEA3,0.8571428571428571,4,TK,SRC,SRCB,LCK
LIMK1,289,259,KEA3,0.11714285714285715,1,TKL,LISK,LIMK,LIMK1
LIMK2,206.5,207,KEA3,0.28,2,TKL,LISK,LIMK,LIMK2
LRRK2,157.5,160,KEA3,0.44571428571428573,2,TKL,LRRK,LRRK,LRRK2
LYN,98.33333333333333,84,KEA3,0.7114285714285714,3,TK,SRC,SRCB,LYN
MAK,271,246,KEA3,0.15714285714285714,1,CMGC,RCK,RCK,MAK
MAP2K1,165.33333333333334,167,KEA3,0.4228571428571429,2,STE,STE7,MEK1,MAP2K1
MAP2K2,172,173,KEA3,0.40285714285714286,2,STE,STE7,MEK1,MAP2K2
MAP2K3,264,242,KEA3,0.16857142857142857,1,STE,STE7,MEK3,MAP2K3
MAP2K4,127,121,KEA3,0.5771428571428572,3,STE,STE7,MEK4,MAP2K4
MAP2K6,189.33333333333334,188,KEA3,0.34285714285714286,2,STE,STE7,MEK3,MAP2K6
MAP2K7,147,149,KEA3,0.4857142857142857,2,STE,STE7,MEK7,MAP2K7
MAP3K1,268,243,KEA3,0.1657142857142857,1,STE,STE11,MEKK1,MAP3K1
MAP3K10,278,252,KEA3,0.13714285714285715,1,TKL,MLK,MLK,MAP3K10
MAP3K11,191,190,KEA3,0.3342857142857143,2,TKL,MLK,MLK,MAP3K11
MAP3K13,231.5,223,KEA3,0.2257142857142857,1,TKL,MLK,LZK,MAP3K13
MAP3K14,175,175,KEA3,0.38857142857142857,2,STE,STE-UNIQUE,STE-UNIQUE,MAP3K14
MAP3K20,72,54,KEA3,0.8142857142857143,4,TKL,MLK,ZAK,MAP3K20
MAP3K3,229,220,KEA3,0.23714285714285716,1,STE,STE11,MEKK2,MAP3K3
MAP3K4,308,275,KEA3,0.07142857142857142,1,STE,STE11,MEKK4,MAP3K4
MAP3K5,120,108,KEA3,0.6314285714285715,3,STE,STE11,ASK,MAP3K5
MAP3K6,245,233,KEA3,0.19428571428571428,1,STE,STE11,ASK,MAP3K6
MAP3K7,123.66666666666667,115,KEA3,0.6028571428571429,3,TKL,MLK,TAK1,MAP3K7
MAP3K8,101,88,KEA3,0.6971428571428572,3,STE,STE-UNIQUE,STE-UNIQUE,MAP3K8
MAP4K1,273,248,KEA3,0.15142857142857144,1,STE,STE20,KHS,MAP4K1
MAP4K2,157.5,160,KEA3,0.44571428571428573,2,STE,STE20,KHS,MAP4K2
MAP4K3,300,268,KEA3,0.09142857142857143,1,STE,STE20,KHS,MAP4K3
MAP4K4,313,279,KEA3,0.06,1,STE,STE20,MSN,MAP4K4
MAP4K5,142,142,KEA3,0.5085714285714286,3,STE,STE20,KHS,MAP4K5
MAPK1,32.333333333333336,13,KEA3,0.9628571428571429,4,CMGC,MAPK,ERK1,MAPK1
MAPK10,111.66666666666667,99,KEA3,0.6628571428571428,3,CMGC,MAPK,JNK,MAPK10
MAPK11,98,83,KEA3,0.7142857142857143,3,CMGC,MAPK,P38,MAPK11
MAPK12,116.66666666666667,106,KEA3,0.64,3,CMGC,MAPK,P38,MAPK12
MAPK13,146.66666666666666,148,KEA3,0.49142857142857144,2,CMGC,MAPK,P38,MAPK13
MAPK14,38.333333333333336,19,KEA3,0.9428571428571428,4,CMGC,MAPK,P38,MAPK14
MAPK15,175,175,KEA3,0.38857142857142857,2,CMGC,MAPK,ERK7,MAPK15
MAPK3,55,38,KEA3,0.8771428571428571,4,CMGC,MAPK,ERK1,MAPK3
MAPK6,225.5,217,KEA3,0.24571428571428572,1,CMGC,MAPK,ERK3,MAPK6
MAPK7,88.33333333333333,73,KEA3,0.7485714285714286,3,CMGC,MAPK,ERK5,MAPK7
MAPK8,83.66666666666666,64,KEA3,0.7828571428571428,4,CMGC,MAPK,JNK,MAPK8
MAPK9,36.666666666666664,16,KEA3,0.9542857142857143,4,CMGC,MAPK,JNK,MAPK9
MAPKAPK2,108,95,KEA3,0.6742857142857143,3,CAMK,MAPKAPK,MAPKAPK,MAPKAPK2
MAPKAPK3,302,269,KEA3,0.08857142857142856,1,CAMK,MAPKAPK,MAPKAPK,MAPKAPK3
MAPKAPK5,100.66666666666667,87,KEA3,0.7,3,CAMK,MAPKAPK,MAPKAPK,MAPKAPK5
MARK2,131.66666666666666,129,KEA3,0.5514285714285714,3,CAMK,CAMKL,MARK,MARK2
MARK3,85.33333333333333,67,KEA3,0.7742857142857142,4,CAMK,CAMKL,MARK,MARK3
MARK4,334,295,KEA3,0.014285714285714285,1,CAMK,CAMKL,MARK,MARK4
MAST1,199,199,KEA3,0.3028571428571429,2,AGC,MAST,MAST,MAST1
MAST2,317,283,KEA3,0.04857142857142857,1,AGC,MAST,MAST,MAST2
MATK,73,56,KEA3,0.8057142857142857,4,TK,CSK,CSK,MATK
MELK,211,210,KEA3,0.2714285714285714,2,CAMK,CAMKL,MELK,MELK
MERTK,151,155,KEA3,0.46285714285714286,2,TK,AXL,AXL,MERTK
MET,122,110,KEA3,0.6171428571428571,3,TK,MET,MET,MET
MKNK1,165.33333333333334,167,KEA3,0.4228571428571429,2,CAMK,MAPKAPK,MNK,MKNK1
MKNK2,229.5,221,KEA3,0.2342857142857143,1,CAMK,MAPKAPK,MNK,MKNK2
MOK,232.5,224,KEA3,0.22285714285714286,1,CMGC,RCK,RCK,MOK
MOS,306,273,KEA3,0.07714285714285714,1,OTHER,MOS,MOS,MOS
MST1R,284,256,KEA3,0.12571428571428572,1,TK,MET,MET,MST1R
MTOR,131,127,KEA3,0.56,3,ATYPICAL,PIKK,FRAP,MTOR
MYLK2,193,192,KEA3,0.32571428571428573,2,CAMK,MLCK,MLCK,MYLK2
MYO3A,239,230,KEA3,0.20285714285714285,1,STE,STE20,NINAC,MYO3A
NEK10,292,261,KEA3,0.11142857142857143,1,OTHER,NEK,NEK10,NEK10
NEK11,316,282,KEA3,0.05142857142857143,1,OTHER,NEK,NEK11,NEK11
NEK2,96,81,KEA3,0.72,3,OTHER,NEK,NEK2,NEK2
NEK3,180.5,181,KEA3,0.3628571428571429,2,OTHER,NEK,NEK1,NEK3
NEK4,191,190,KEA3,0.3342857142857143,2,OTHER,NEK,NEK4,NEK4
NEK6,54,37,KEA3,0.88,4,OTHER,NEK,NEK6,NEK6
NEK8,228,219,KEA3,0.24,1,OTHER,NEK,NEK8,NEK8
NEK9,103,89,KEA3,0.6942857142857143,3,OTHER,NEK,NEK8,NEK9
NIM1K,279,253,KEA3,0.13428571428571429,1,CAMK,CAMKL,NIM1,NIM1K
NLK,147.33333333333334,150,KEA3,0.4828571428571429,2,CMGC,MAPK,NMO,NLK
NPR2,130,125,KEA3,0.5657142857142857,3,RGC,RGC,RGC,NPR2
NRBP2,227,218,KEA3,0.24285714285714285,1,OTHER,NRBP,NRBP,NRBP2
NTRK1,126,120,KEA3,0.5828571428571429,3,TK,TRK,TRK,NTRK1
NTRK2,315,281,KEA3,0.054285714285714284,1,TK,TRK,TRK,NTRK2
NTRK3,248,235,KEA3,0.18857142857142858,1,TK,TRK,TRK,NTRK3
NUAK1,135.66666666666666,133,KEA3,0.54,3,CAMK,CAMKL,NUAK,NUAK1
NUAK2,222,216,KEA3,0.24857142857142858,1,CAMK,CAMKL,NUAK,NUAK2
OXSR1,275,249,KEA3,0.1457142857142857,1,STE,STE20,FRAY,OXSR1
PAK1,50,33,KEA3,0.9,4,STE,STE20,PAKA,PAK1
PAK2,150.33333333333334,154,KEA3,0.4657142857142857,2,STE,STE20,PAKA,PAK2
PAK3,243,232,KEA3,0.19714285714285715,1,STE,STE20,PAKA,PAK3
PAK4,67.33333333333333,49,KEA3,0.8342857142857143,4,STE,STE20,PAKB,PAK4
PAK5,330,293,KEA3,0.02,1,STE,STE20,PAKB,PAK5
PAK6,169.5,171,KEA3,0.4085714285714286,2,STE,STE20,PAKB,PAK6
PASK,299,267,KEA3,0.09428571428571429,1,CAMK,CAMKL,PASK,PASK
PBK,180,180,KEA3,0.3657142857142857,2,OTHER,TOPK,TOPK,PBK
PDGFRA,168,170,KEA3,0.4114285714285714,2,TK,PDGFR,PDGFR,PDGFRA
PDGFRB,122,110,KEA3,0.6171428571428571,3,TK,PDGFR,PDGFR,PDGFRB
PDIK1L,304,271,KEA3,0.08285714285714285,1,OTHER,NKF4,NKF4,PDIK1L
PDK1,151.5,156,KEA3,0.46,2,ATYPICAL,PDHK,PDHK,PDK1
PDPK1,107,93,KEA3,0.6828571428571428,3,AGC,PDK1,PDK1,PDPK1
PIK3CA,154,158,KEA3,0.4542857142857143,2,NA,NA,NA,PIK3CA
PIK3CB,337,298,KEA3,0.005714285714285714,1,NA,NA,NA,PIK3CB
PIK3CG,314,280,KEA3,0.05714285714285714,1,NA,NA,NA,PIK3CG
PIK3R4,174,174,KEA3,0.39714285714285713,2,OTHER,VPS15,VPS15,PIK3R4
PIM1,20.333333333333332,7,KEA3,0.98,4,CAMK,PIM,PIM,PIM1
PIM2,122.5,112,KEA3,0.6114285714285714,3,CAMK,PIM,PIM,PIM2
PINK1,148,151,KEA3,0.47714285714285715,2,OTHER,NKF2,NKF2,PINK1
PKMYT1,141,141,KEA3,0.5114285714285715,3,OTHER,WEE,WEE,PKMYT1
PKN1,109.33333333333333,97,KEA3,0.6685714285714286,3,AGC,PKN,PKN,PKN1
PLK1,73.33333333333333,57,KEA3,0.8028571428571428,4,OTHER,PLK,PLK1,PLK1
PLK2,157,159,KEA3,0.4514285714285714,2,OTHER,PLK,PLK2,PLK2
PLK3,49.333333333333336,31,KEA3,0.9057142857142857,4,OTHER,PLK,PLK2,PLK3
PLK4,132,130,KEA3,0.5485714285714286,3,OTHER,PLK,SAK,PLK4
PNCK,178,177,KEA3,0.38,2,CAMK,CAMK1,CAMK1,PNCK
PRKAA1,10,3,KEA3,0.9914285714285714,4,CAMK,CAMKL,AMPK,PRKAA1
PRKAA2,61.333333333333336,41,KEA3,0.8628571428571429,4,CAMK,CAMKL,AMPK,PRKAA2
PRKACA,10,3,KEA3,0.9914285714285714,4,AGC,PKA,PKA,PRKACA
PRKACB,251.5,238,KEA3,0.18,1,AGC,PKA,PKA,PRKACB
PRKCA,7,1,KEA3,1,4,AGC,PKC,ALPHA,PRKCA
PRKCB,57.333333333333336,39,KEA3,0.8714285714285714,4,AGC,PKC,ALPHA,PRKCB
PRKCD,65.33333333333333,45,KEA3,0.8514285714285714,4,AGC,PKC,DELTA,PRKCD
PRKCE,114.33333333333333,101,KEA3,0.6571428571428571,3,AGC,PKC,ETA,PRKCE
PRKCG,90,74,KEA3,0.7428571428571429,3,AGC,PKC,ALPHA,PRKCG
PRKCH,125,117,KEA3,0.5942857142857143,3,AGC,PKC,ETA,PRKCH
PRKCI,72.66666666666667,55,KEA3,0.8114285714285714,4,AGC,PKC,IOTA,PRKCI
PRKCQ,49.666666666666664,32,KEA3,0.9028571428571428,4,AGC,PKC,DELTA,PRKCQ
PRKCZ,46,28,KEA3,0.9171428571428571,4,AGC,PKC,IOTA,PRKCZ
PRKD1,26.666666666666668,10,KEA3,0.9714285714285714,4,CAMK,PKD,PKD,PRKD1
PRKD2,145.33333333333334,146,KEA3,0.49714285714285716,2,CAMK,PKD,PKD,PRKD2
PRKD3,180,180,KEA3,0.3657142857142857,2,CAMK,PKD,PKD,PRKD3
PRKDC,67,48,KEA3,0.8371428571428572,4,ATYPICAL,PIKK,DNAPK,PRKDC
PRKG1,48.666666666666664,30,KEA3,0.9085714285714286,4,AGC,PKG,PKG,PRKG1
PRKG2,175,175,KEA3,0.38857142857142857,2,AGC,PKG,PKG,PRKG2
PRKX,163,165,KEA3,0.43142857142857144,2,AGC,PKA,PKA,PRKX
PRKY,149,153,KEA3,0.4685714285714286,2,AGC,PKA,PKA,PRKY
PRPF4B,204.5,204,KEA3,0.2885714285714286,2,CMGC,DYRK,PRP4,PRPF4B
PTK2,127.33333333333333,122,KEA3,0.5742857142857143,3,TK,FAK,FAK,PTK2
PTK2B,37,17,KEA3,0.9514285714285714,4,TK,FAK,FAK,PTK2B
PTK6,105.66666666666667,92,KEA3,0.6857142857142857,3,TK,SRC,SRM,PTK6
PXK,93.5,79,KEA3,0.7285714285714285,3,OTHER,SLOB,SLOB,PXK
RAF1,85,66,KEA3,0.7771428571428571,4,TKL,RAF,RAF,RAF1
RET,140.66666666666666,140,KEA3,0.5142857142857142,3,TK,RET,RET,RET
RIOK1,293,262,KEA3,0.10857142857142857,1,ATYPICAL,RIO,RIO1,RIOK1
RIPK1,282,255,KEA3,0.12857142857142856,1,TKL,RIPK,RIPK,RIPK1
RIPK2,210,209,KEA3,0.2742857142857143,2,TKL,RIPK,RIPK,RIPK2
RIPK3,74,58,KEA3,0.8,4,TKL,RIPK,RIPK,RIPK3
ROCK1,40.333333333333336,22,KEA3,0.9342857142857143,4,AGC,DMPK,ROCK,ROCK1
ROCK2,184.33333333333334,185,KEA3,0.3514285714285714,2,AGC,DMPK,ROCK,ROCK2
RPS6KA1,11.333333333333334,4,KEA3,0.9885714285714285,4,AGC,RSK,RSK,RPS6KA1
RPS6KA2,98.5,85,KEA3,0.7057142857142857,3,AGC,RSK,RSK,RPS6KA2
RPS6KA3,12.666666666666666,5,KEA3,0.9857142857142858,4,AGC,RSK,RSK,RPS6KA3
RPS6KA4,69,51,KEA3,0.8228571428571428,4,AGC,RSK,MSK,RPS6KA4
RPS6KA5,73,56,KEA3,0.8057142857142857,4,AGC,RSK,MSK,RPS6KA5
RPS6KB1,28.666666666666668,11,KEA3,0.9685714285714285,4,AGC,RSK,P70,RPS6KB1
RPS6KB2,145,145,KEA3,0.5,3,AGC,RSK,P70,RPS6KB2
RPS6KL1,205,205,KEA3,0.2857142857142857,2,AGC,RSKL,RSKL,RPS6KL1
SCYL1,329,292,KEA3,0.022857142857142857,1,OTHER,SCY1,SCY1,SCYL1
SCYL2,183.5,183,KEA3,0.35714285714285715,2,OTHER,SCY1,SCY1,SCYL2
SCYL3,269,244,KEA3,0.16285714285714287,1,OTHER,SCY1,SCY1,SCYL3
SGK1,82.66666666666667,63,KEA3,0.7857142857142857,4,AGC,SGK,SGK,SGK1
SGK2,230,222,KEA3,0.22857142857142856,1,AGC,SGK,SGK,SGK2
SGK3,161,162,KEA3,0.44,2,AGC,SGK,SGK,SGK3
SIK1,238.5,229,KEA3,0.20857142857142857,1,CAMK,CAMKL,QIK,SIK1
SIK2,310,277,KEA3,0.06571428571428571,1,CAMK,CAMKL,QIK,SIK2
SMG1,332,294,KEA3,0.017142857142857144,1,ATYPICAL,PIKK,SMG1,SMG1
SNRK,180,180,KEA3,0.3657142857142857,2,CAMK,CAMKL,SNRK,SNRK
SRC,26.333333333333332,9,KEA3,0.9742857142857143,4,TK,SRC,SRCA,SRC
SRMS,197,197,KEA3,0.31142857142857144,2,TK,SRC,SRM,SRMS
SRPK1,148.5,152,KEA3,0.4714285714285714,2,CMGC,SRPK,SRPK,SRPK1
SRPK2,138,136,KEA3,0.5285714285714286,3,CMGC,SRPK,SRPK,SRPK2
STK10,285,257,KEA3,0.12285714285714286,1,STE,STE20,SLK,STK10
STK11,92,76,KEA3,0.7371428571428571,3,CAMK,CAMKL,LKB,STK11
STK16,67,48,KEA3,0.8371428571428572,4,OTHER,NAK,MPSK,STK16
STK17A,95,80,KEA3,0.7257142857142858,3,CAMK,DAPK,DRAK,STK17A
STK24,125.5,118,KEA3,0.5885714285714285,3,STE,STE20,YSK,STK24
STK25,234.5,226,KEA3,0.21714285714285714,1,STE,STE20,YSK,STK25
STK26,235,227,KEA3,0.21428571428571427,1,STE,STE20,YSK,STK26
STK3,125.66666666666667,119,KEA3,0.5857142857142857,3,STE,STE20,MST,STK3
STK33,280,254,KEA3,0.13142857142857142,1,CAMK,CAMK-UNIQUE,CAMK-UNIQUE,STK33
STK36,216,214,KEA3,0.2571428571428571,2,OTHER,ULK,FUSED,STK36
STK38,207,208,KEA3,0.27714285714285714,2,AGC,NDR,NDR,STK38
STK38L,199,199,KEA3,0.3028571428571429,2,AGC,NDR,NDR,STK38L
STK39,125,117,KEA3,0.5942857142857143,3,STE,STE20,FRAY,STK39
STK4,98.5,85,KEA3,0.7057142857142857,3,STE,STE20,MST,STK4
STK40,219.5,215,KEA3,0.2542857142857143,2,CAMK,SGK495,SGK495,STK40
STYK1,179.5,179,KEA3,0.3742857142857143,2,TK,TK-UNIQUE,TK-UNIQUE,STYK1
SYK,50.666666666666664,34,KEA3,0.8971428571428571,4,TK,SYK,SYK,SYK
TAOK1,311,278,KEA3,0.06285714285714286,1,STE,STE20,TAO,TAOK1
TBK1,68,50,KEA3,0.8314285714285714,4,OTHER,IKK,IKK,TBK1
TEC,122,110,KEA3,0.6171428571428571,3,TK,TEC,TEC,TEC
TEK,320,285,KEA3,0.04285714285714286,1,TK,TIE,TIE,TEK
TESK1,298,266,KEA3,0.09714285714285714,1,TKL,LISK,TESK,TESK1
TESK2,125.5,118,KEA3,0.5885714285714285,3,TKL,LISK,TESK,TESK2
TGFBR1,212.5,212,KEA3,0.26571428571428574,2,TKL,STKR,TYPE1,TGFBR1
TGFBR2,87.5,72,KEA3,0.7542857142857143,4,TKL,STKR,TYPE2,TGFBR2
TLK1,148,151,KEA3,0.47714285714285715,2,OTHER,TLK,TLK,TLK1
TNIK,321,286,KEA3,0.04,1,STE,STE20,MSN,TNIK
TNK2,52.666666666666664,36,KEA3,0.8857142857142857,4,TK,ACK,ACK,TNK2
TNNI3K,137.5,135,KEA3,0.5342857142857143,3,TKL,MLK,HH498,TNNI3K
TP53RK,339,300,KEA3,0,1,OTHER,BUD32,BUD32,TP53RK
TRIB3,181,182,KEA3,0.36,2,CAMK,TRBL,TRBL,TRIB3
TRPM7,193.5,193,KEA3,0.32285714285714284,2,ATYPICAL,ALPHA,CHAK,TRPM7
TTK,124.33333333333333,116,KEA3,0.6,3,OTHER,TTK,TTK,TTK
TXK,237,228,KEA3,0.21142857142857144,1,TK,TEC,TEC,TXK
TYK2,128.66666666666666,123,KEA3,0.5714285714285714,3,TK,JAKA,JAKA,TYK2
TYRO3,138.5,137,KEA3,0.5257142857142857,3,TK,AXL,AXL,TYRO3
UHMK1,152.5,157,KEA3,0.45714285714285713,2,OTHER,KIS,KIS,UHMK1
ULK1,200.5,201,KEA3,0.29714285714285715,2,OTHER,ULK,ULK,ULK1
VRK1,131.33333333333334,128,KEA3,0.5571428571428572,3,CK1,VRK,VRK,VRK1
VRK3,250.5,237,KEA3,0.18285714285714286,1,CK1,VRK,VRK,VRK3
WEE1,96.5,82,KEA3,0.7171428571428572,3,OTHER,WEE,WEE,WEE1
WNK1,142.33333333333334,143,KEA3,0.5057142857142857,3,OTHER,WNK,WNK,WNK1
YES1,127,121,KEA3,0.5771428571428572,3,TK,SRC,SRCA,YES1
ZAP70,83.66666666666667,65,KEA3,0.78,4,TK,SYK,SYK,ZAP70
CDKL1,1.0757207139381184,8,UKA,0.9252336448598131,4,CMGC,CDKL,CDKL,CDKL1
CDK7,0.6903698325741012,12,UKA,0.8878504672897196,4,CMGC,CDK,CDK7,CDK7
CAMK4,0.6695862266508091,13,UKA,0.8785046728971962,4,CAMK,CAMK1,CAMK1,CAMK4
CAMK4,0.6695862266508091,13,UKA,0.8785046728971962,4,OTHER,CAMKK,META,CAMKK1
CDK2,0.5654310959658012,17,UKA,0.8411214953271028,4,CMGC,CDK,CDC2,CDK2
CDK10,0.5319040381721043,20,UKA,0.8037383177570093,4,CMGC,CDK,CDK10,CDK10
CDKL2,0.5228787452803376,21,UKA,0.794392523364486,4,CMGC,CDKL,CDKL,CDKL2
ROCK1,0.4509967379742122,27,UKA,0.7383177570093458,3,AGC,DMPK,ROCK,ROCK1
SGK1,0.431798275933005,29,UKA,0.719626168224299,3,AGC,SGK,SGK,SGK1
SGK2,0.4294570601181025,30,UKA,0.7102803738317757,3,AGC,SGK,SGK,SGK2
SGK2,0.4294570601181025,30,UKA,0.7102803738317757,3,AGC,SGK,SGK,SGK3
CDK9,0.3645162531850879,35,UKA,0.6635514018691588,3,CMGC,CDK,CDK9,CDK9
MAPK14,0.348721986001856,36,UKA,0.6542056074766355,3,CMGC,MAPK,P38,MAPK14
CDK5,0.3372421683184259,39,UKA,0.6261682242990654,3,CMGC,CDK,CDK5,CDK5
CDK6,0.3334820194451191,40,UKA,0.616822429906542,3,CMGC,CDK,CDK4,CDK6
PRKY,0.32239304727950685,43,UKA,0.5887850467289719,3,AGC,PKA,PKA,PRKY
CDKL5,0.2958494831602009,47,UKA,0.5514018691588785,3,CMGC,CDKL,CDKL,CDKL5
CDK4,0.27083521030722996,50,UKA,0.5233644859813084,3,CMGC,CDK,CDK4,CDK4
CDK3,0.26760624017703144,51,UKA,0.514018691588785,3,CMGC,CDK,CDC2,CDK3
PLK3,0.2232988160115892,57,UKA,0.45794392523364486,2,OTHER,PLK,PLK2,PLK3
PIM2,0.2132485778544388,61,UKA,0.4205607476635514,2,CAMK,PIM,PIM,PIM2
PIM1,0.2076083105017461,62,UKA,0.411214953271028,2,CAMK,PIM,PIM,PIM1
RAF1,0.2062096153091813,63,UKA,0.40186915887850466,2,TKL,RAF,RAF,RAF1
MAPKAPK2,0.1979107421182673,65,UKA,0.38317757009345793,2,CAMK,MAPKAPK,MAPKAPK,MAPKAPK2
DAPK1,0.19190723132442417,67,UKA,0.3644859813084112,2,CAMK,DAPK,DAPK,DAPK1
ARAF,0.1911141326401879,68,UKA,0.3364485981308411,2,TKL,RAF,RAF,ARAF
BRAF,0.1911141326401879,68,UKA,0.3364485981308411,2,TKL,RAF,RAF,BRAF
PIM3,0.1911141326401879,68,UKA,0.3364485981308411,2,CAMK,PIM,PIM,PIM3
DAPK3,0.1778319206319825,71,UKA,0.308411214953271,2,CAMK,DAPK,DAPK,DAPK3
MAPKAPK3,0.14874165128092473,77,UKA,0.2336448598130841,1,CAMK,MAPKAPK,MAPKAPK,MAPKAPK3
PRKX,0.1272611725273312,79,UKA,0.21495327102803738,1,AGC,PKA,PKA,PRKX
ROCK2,0.11918640771920865,81,UKA,0.19626168224299065,1,AGC,DMPK,ROCK,ROCK2
DYRK1A,0.09152027665285406,88,UKA,0.1308411214953271,1,CMGC,DYRK,DYRK1,DYRK1A
NUAK1,0.08196966321511988,90,UKA,0.11214953271028037,1,CAMK,CAMKL,NUAK,NUAK1
PAK1,0.07058107428570728,91,UKA,0.102803738317757,1,STE,STE20,PAKA,PAK1
ATR,0.03432802877989328,97,UKA,0.04672897196261682,1,ATYPICAL,PIKK,ATR,ATR
JNK,-2.83,2,KRSA,0.9780564263322884,4,CMGC,MAPK,JNK,MAPK10
JNK,-2.83,2,KRSA,0.9780564263322884,4,CMGC,MAPK,JNK,MAPK8
JNK,-2.83,2,KRSA,0.9780564263322884,4,CMGC,MAPK,JNK,MAPK9
ERK,-2.77,3,KRSA,0.9655172413793104,4,CMGC,MAPK,ERK1,MAPK1
ERK,-2.77,3,KRSA,0.9655172413793104,4,CMGC,MAPK,ERK7,MAPK15
ERK,-2.77,3,KRSA,0.9655172413793104,4,CMGC,MAPK,ERK1,MAPK3
ERK,-2.77,3,KRSA,0.9655172413793104,4,CMGC,MAPK,ERK3,MAPK4
ERK,-2.77,3,KRSA,0.9655172413793104,4,CMGC,MAPK,ERK3,MAPK6
ERK,-2.77,3,KRSA,0.9655172413793104,4,CMGC,MAPK,ERK5,MAPK7
PLK,-2.51,8,KRSA,0.9028213166144201,4,NA,NA,NA,PLK5
PLK,-2.51,8,KRSA,0.9028213166144201,4,OTHER,PLK,PLK1,PLK1
PLK,-2.51,8,KRSA,0.9028213166144201,4,OTHER,PLK,PLK2,PLK2
PLK,-2.51,8,KRSA,0.9028213166144201,4,OTHER,PLK,PLK2,PLK3
PLK,-2.51,8,KRSA,0.9028213166144201,4,OTHER,PLK,SAK,PLK4
DYRK,-2.41,10,KRSA,0.877742946708464,4,CMGC,DYRK,DYRK1,DYRK1A
DYRK,-2.41,10,KRSA,0.877742946708464,4,CMGC,DYRK,DYRK1,DYRK1B
DYRK,-2.41,10,KRSA,0.877742946708464,4,CMGC,DYRK,DYRK2,DYRK2
DYRK,-2.41,10,KRSA,0.877742946708464,4,CMGC,DYRK,DYRK2,DYRK3
DYRK,-2.41,10,KRSA,0.877742946708464,4,CMGC,DYRK,DYRK2,DYRK4
DYRK,-2.41,10,KRSA,0.877742946708464,4,CMGC,DYRK,HIPK,HIPK1
DYRK,-2.41,10,KRSA,0.877742946708464,4,CMGC,DYRK,HIPK,HIPK2
DYRK,-2.41,10,KRSA,0.877742946708464,4,CMGC,DYRK,HIPK,HIPK3
DYRK,-2.41,10,KRSA,0.877742946708464,4,CMGC,DYRK,HIPK,HIPK4
DYRK,-2.41,10,KRSA,0.877742946708464,4,CMGC,DYRK,PRP4,PRPF4B
DMPK,2.8325,1,KRSA,0.9905956112852664,4,AGC,DMPK,GEK,CDC42BPA
DMPK,2.8325,1,KRSA,0.9905956112852664,4,AGC,DMPK,GEK,CDC42BPB
DMPK,2.8325,1,KRSA,0.9905956112852664,4,AGC,DMPK,GEK,CDC42BPG
DMPK,2.8325,1,KRSA,0.9905956112852664,4,AGC,DMPK,CRIK,CIT
DMPK,2.8325,1,KRSA,0.9905956112852664,4,AGC,DMPK,GEK,DMPK
DMPK,2.8325,1,KRSA,0.9905956112852664,4,AGC,DMPK,ROCK,ROCK1
DMPK,2.8325,1,KRSA,0.9905956112852664,4,AGC,DMPK,ROCK,ROCK2
CDK,-2.7625,4,KRSA,0.9529780564263323,4,CMGC,CDK,CDC2,CDK1
CDK,-2.7625,4,KRSA,0.9529780564263323,4,CMGC,CDK,CDK10,CDK10
CDK,-2.7625,4,KRSA,0.9529780564263323,4,CMGC,CDK,CRK7,CDK12
CDK,-2.7625,4,KRSA,0.9529780564263323,4,CMGC,CDK,CRK7,CDK13
CDK,-2.7625,4,KRSA,0.9529780564263323,4,CMGC,CDK,PFTAIRE,CDK14
CDK,-2.7625,4,KRSA,0.9529780564263323,4,CMGC,CDK,PFTAIRE,CDK15
CDK,-2.7625,4,KRSA,0.9529780564263323,4,CMGC,CDK,PCTAIRE,CDK16
CDK,-2.7625,4,KRSA,0.9529780564263323,4,CMGC,CDK,PCTAIRE,CDK17
CDK,-2.7625,4,KRSA,0.9529780564263323,4,CMGC,CDK,PCTAIRE,CDK18
CDK,-2.7625,4,KRSA,0.9529780564263323,4,CMGC,CDK,CDK8,CDK19
CDK,-2.7625,4,KRSA,0.9529780564263323,4,CMGC,CDK,CDC2,CDK2
CDK,-2.7625,4,KRSA,0.9529780564263323,4,CMGC,CDK,CCRK,CDK20
CDK,-2.7625,4,KRSA,0.9529780564263323,4,CMGC,CDK,CDC2,CDK3
CDK,-2.7625,4,KRSA,0.9529780564263323,4,CMGC,CDK,CDK4,CDK4
CDK,-2.7625,4,KRSA,0.9529780564263323,4,CMGC,CDK,CDK5,CDK5
CDK,-2.7625,4,KRSA,0.9529780564263323,4,CMGC,CDK,CDK4,CDK6
CDK,-2.7625,4,KRSA,0.9529780564263323,4,CMGC,CDK,CDK7,CDK7
CDK,-2.7625,4,KRSA,0.9529780564263323,4,CMGC,CDK,CDK8,CDK8
CDK,-2.7625,4,KRSA,0.9529780564263323,4,CMGC,CDK,CDK9,CDK9
CDK,-2.7625,4,KRSA,0.9529780564263323,4,NA,NA,NA,CDK11A
CDK,-2.7625,4,KRSA,0.9529780564263323,4,NA,NA,NA,CDK11B
P38,-2.13,14,KRSA,0.8275862068965517,4,CMGC,MAPK,P38,MAPK11
P38,-2.13,14,KRSA,0.8275862068965517,4,CMGC,MAPK,P38,MAPK12
P38,-2.13,14,KRSA,0.8275862068965517,4,CMGC,MAPK,P38,MAPK13
P38,-2.13,14,KRSA,0.8275862068965517,4,CMGC,MAPK,P38,MAPK14
PKG,2.665,5,KRSA,0.9404388714733543,4,AGC,PKG,PKG,PRKG1
PKG,2.665,5,KRSA,0.9404388714733543,4,AGC,PKG,PKG,PRKG2
CK1,-2.125,15,KRSA,0.8150470219435737,4,CK1,CK1,CK1-A,CSNK1A1
CK1,-2.125,15,KRSA,0.8150470219435737,4,CK1,CK1,CK1-A,CSNK1A1L
CK1,-2.125,15,KRSA,0.8150470219435737,4,CK1,CK1,CK1-D,CSNK1D
CK1,-2.125,15,KRSA,0.8150470219435737,4,CK1,CK1,CK1-D,CSNK1E
CK1,-2.125,15,KRSA,0.8150470219435737,4,CK1,CK1,CK1-G,CSNK1G1
CK1,-2.125,15,KRSA,0.8150470219435737,4,CK1,CK1,CK1-G,CSNK1G2
CK1,-2.125,15,KRSA,0.8150470219435737,4,CK1,CK1,CK1-G,CSNK1G3
CK1,-2.125,15,KRSA,0.8150470219435737,4,CK1,TTBK,TTBK,TTBK1
CK1,-2.125,15,KRSA,0.8150470219435737,4,CK1,TTBK,TTBK,TTBK2
CK1,-2.125,15,KRSA,0.8150470219435737,4,CK1,VRK,VRK,VRK3
PIM,2.4575,9,KRSA,0.890282131661442,4,CAMK,PIM,PIM,PIM1
PIM,2.4575,9,KRSA,0.890282131661442,4,CAMK,PIM,PIM,PIM2
PIM,2.4575,9,KRSA,0.890282131661442,4,CAMK,PIM,PIM,PIM3
STE7,-2.27,12,KRSA,0.8526645768025078,4,STE,STE7,MEK1,MAP2K1
STE7,-2.27,12,KRSA,0.8526645768025078,4,STE,STE7,MEK1,MAP2K2
STE7,-2.27,12,KRSA,0.8526645768025078,4,STE,STE7,MEK3,MAP2K3
STE7,-2.27,12,KRSA,0.8526645768025078,4,STE,STE7,MEK4,MAP2K4
STE7,-2.27,12,KRSA,0.8526645768025078,4,STE,STE7,MEK5,MAP2K5
STE7,-2.27,12,KRSA,0.8526645768025078,4,STE,STE7,MEK3,MAP2K6
STE7,-2.27,12,KRSA,0.8526645768025078,4,STE,STE7,MEK7,MAP2K7
PKCI,2.52,7,KRSA,0.9153605015673981,4,AGC,PKC,IOTA,PRKCI
PKCI,2.52,7,KRSA,0.9153605015673981,4,AGC,PKC,IOTA,PRKCZ
PKA,2.175,13,KRSA,0.8401253918495298,4,AGC,PKA,PKA,PRKACA
PKA,2.175,13,KRSA,0.8401253918495298,4,AGC,PKA,PKA,PRKACB
PKA,2.175,13,KRSA,0.8401253918495298,4,AGC,PKA,PKA,PRKACG
PKA,2.175,13,KRSA,0.8401253918495298,4,AGC,PKA,PKA,PRKX
PKA,2.175,13,KRSA,0.8401253918495298,4,AGC,PKA,PKA,PRKY
PKCD,2.5774999999999997,6,KRSA,0.9278996865203761,4,AGC,PKC,DELTA,PRKCD
PKCD,2.5774999999999997,6,KRSA,0.9278996865203761,4,AGC,PKC,DELTA,PRKCQ
STKR,-1.865,20,KRSA,0.7398119122257053,3,TKL,STKR,TYPE1,ACVR1
STKR,-1.865,20,KRSA,0.7398119122257053,3,TKL,STKR,TYPE1,ACVR1B
STKR,-1.865,20,KRSA,0.7398119122257053,3,TKL,STKR,TYPE1,ACVR1C
STKR,-1.865,20,KRSA,0.7398119122257053,3,TKL,STKR,TYPE2,ACVR2A
STKR,-1.865,20,KRSA,0.7398119122257053,3,TKL,STKR,TYPE2,ACVR2B
STKR,-1.865,20,KRSA,0.7398119122257053,3,TKL,STKR,TYPE1,ACVRL1
STKR,-1.865,20,KRSA,0.7398119122257053,3,TKL,STKR,TYPE2,AMHR2
STKR,-1.865,20,KRSA,0.7398119122257053,3,TKL,STKR,TYPE1,BMPR1A
STKR,-1.865,20,KRSA,0.7398119122257053,3,TKL,STKR,TYPE1,BMPR1B
STKR,-1.865,20,KRSA,0.7398119122257053,3,TKL,STKR,TYPE2,BMPR2
STKR,-1.865,20,KRSA,0.7398119122257053,3,TKL,STKR,TYPE1,TGFBR1
STKR,-1.865,20,KRSA,0.7398119122257053,3,TKL,STKR,TYPE2,TGFBR2
PKCH,1.775,22,KRSA,0.7147335423197492,3,AGC,PKC,ETA,PRKCE
PKCH,1.775,22,KRSA,0.7147335423197492,3,AGC,PKC,ETA,PRKCH
AKT,1.4,28,KRSA,0.6394984326018809,3,AGC,AKT,AKT,AKT1
AKT,1.4,28,KRSA,0.6394984326018809,3,AGC,AKT,AKT,AKT2
AKT,1.4,28,KRSA,0.6394984326018809,3,AGC,AKT,AKT,AKT3
NMO,-1.865,20,KRSA,0.7398119122257053,3,CMGC,MAPK,NMO,NLK
LKB,-1.8625,21,KRSA,0.7272727272727273,3,CAMK,CAMKL,LKB,STK11
PHK,2.3975,11,KRSA,0.8652037617554859,4,CAMK,PHK,PHK,PHKG1
PHK,2.3975,11,KRSA,0.8652037617554859,4,CAMK,PHK,PHK,PHKG2
CAMK2,-1.6375,24,KRSA,0.6896551724137931,3,CAMK,CAMK2,CAMK2,CAMK2A
CAMK2,-1.6375,24,KRSA,0.6896551724137931,3,CAMK,CAMK2,CAMK2,CAMK2B
CAMK2,-1.6375,24,KRSA,0.6896551724137931,3,CAMK,CAMK2,CAMK2,CAMK2D
CAMK2,-1.6375,24,KRSA,0.6896551724137931,3,CAMK,CAMK2,CAMK2,CAMK2G
PEK,-1.655,23,KRSA,0.7021943573667712,3,OTHER,PEK,HRI,EIF2AK1
PEK,-1.655,23,KRSA,0.7021943573667712,3,OTHER,PEK,PKR,EIF2AK2
PEK,-1.655,23,KRSA,0.7021943573667712,3,OTHER,PEK,PEK,EIF2AK3
PEK,-1.655,23,KRSA,0.7021943573667712,3,OTHER,PEK,GCN2,EIF2AK4
AUR,2.005,17,KRSA,0.7899686520376176,4,OTHER,AUR,AUR,AURKA
AUR,2.005,17,KRSA,0.7899686520376176,4,OTHER,AUR,AUR,AURKB
AUR,2.005,17,KRSA,0.7899686520376176,4,OTHER,AUR,AUR,AURKC
PAKB,2.1225,16,KRSA,0.8025078369905956,4,STE,STE20,PAKB,PAK4
PAKB,2.1225,16,KRSA,0.8025078369905956,4,STE,STE20,PAKB,PAK5
PAKB,2.1225,16,KRSA,0.8025078369905956,4,STE,STE20,PAKB,PAK6
PAKA,1.155,33,KRSA,0.5768025078369906,3,STE,STE20,PAKA,PAK1
PAKA,1.155,33,KRSA,0.5768025078369906,3,STE,STE20,PAKA,PAK2
PAKA,1.155,33,KRSA,0.5768025078369906,3,STE,STE20,PAKA,PAK3
PDK1,-1.89,19,KRSA,0.7648902821316614,4,ATYPICAL,PDHK,PDHK,PDK1
PDK1,-1.89,19,KRSA,0.7648902821316614,4,AGC,PDK1,PDK1,PDPK1
RSK,1.44,27,KRSA,0.6520376175548589,3,AGC,RSK,RSK,RPS6KA1
RSK,1.44,27,KRSA,0.6520376175548589,3,AGC,RSK,RSK,RPS6KA2
RSK,1.44,27,KRSA,0.6520376175548589,3,AGC,RSK,RSK,RPS6KA3
RSK,1.44,27,KRSA,0.6520376175548589,3,AGC,RSK,MSK,RPS6KA4
RSK,1.44,27,KRSA,0.6520376175548589,3,AGC,RSK,MSK,RPS6KA5
RSK,1.44,27,KRSA,0.6520376175548589,3,AGC,RSK,RSK,RPS6KA6
RSK,1.44,27,KRSA,0.6520376175548589,3,AGC,RSK,P70,RPS6KB1
RSK,1.44,27,KRSA,0.6520376175548589,3,AGC,RSK,P70,RPS6KB2
NEK,-1.1,35,KRSA,0.5517241379310345,3,OTHER,NEK,NEK11,NEK11
NEK,-1.1,35,KRSA,0.5517241379310345,3,OTHER,NEK,NEK2,NEK2
NEK,-1.1,35,KRSA,0.5517241379310345,3,OTHER,NEK,NEK1,NEK3
NEK,-1.1,35,KRSA,0.5517241379310345,3,OTHER,NEK,NEK4,NEK4
NEK,-1.1,35,KRSA,0.5517241379310345,3,OTHER,NEK,NEK1,NEK5
NEK,-1.1,35,KRSA,0.5517241379310345,3,OTHER,NEK,NEK6,NEK6
NEK,-1.1,35,KRSA,0.5517241379310345,3,OTHER,NEK,NEK6,NEK7
NEK,-1.1,35,KRSA,0.5517241379310345,3,OTHER,NEK,NEK8,NEK8
NEK,-1.1,35,KRSA,0.5517241379310345,3,OTHER,NEK,NEK8,NEK9
PKD,1.8925,18,KRSA,0.7774294670846394,4,CAMK,PKD,PKD,PRKD1
PKD,1.8925,18,KRSA,0.7774294670846394,4,CAMK,PKD,PKD,PRKD2
PKD,1.8925,18,KRSA,0.7774294670846394,4,CAMK,PKD,PKD,PRKD3
PKCA,1.38,29,KRSA,0.6269592476489029,3,AGC,PKC,ALPHA,PRKCA
PKCA,1.38,29,KRSA,0.6269592476489029,3,AGC,PKC,ALPHA,PRKCB
PKCA,1.38,29,KRSA,0.6269592476489029,3,AGC,PKC,ALPHA,PRKCG
IKK,-0.5325,58,KRSA,0.21316614420062696,1,OTHER,IKK,IKK,CHUK
IKK,-0.5325,58,KRSA,0.21316614420062696,1,OTHER,IKK,IKK,IKBKB
IKK,-0.5325,58,KRSA,0.21316614420062696,1,OTHER,IKK,IKK,IKBKE
IKK,-0.5325,58,KRSA,0.21316614420062696,1,OTHER,IKK,IKK,TBK1
BRSK,1.4675,26,KRSA,0.664576802507837,3,CAMK,CAMKL,BRSK,BRSK1
BRSK,1.4675,26,KRSA,0.664576802507837,3,CAMK,CAMKL,BRSK,BRSK2
WNK,-0.1725,71,KRSA,0.050156739811912224,1,OTHER,WNK,WNK,WNK1
WNK,-0.1725,71,KRSA,0.050156739811912224,1,OTHER,WNK,WNK,WNK2
WNK,-0.1725,71,KRSA,0.050156739811912224,1,OTHER,WNK,WNK,WNK3
WNK,-0.1725,71,KRSA,0.050156739811912224,1,OTHER,WNK,WNK,WNK4
PASK,1.5,25,KRSA,0.677115987460815,3,CAMK,CAMKL,PASK,PASK
STE11,-0.7975,43,KRSA,0.438871473354232,2,TKL,MLK,TAK1,MAP3K7
STE11,-0.7975,43,KRSA,0.438871473354232,2,STE,STE11,MEKK1,MAP3K1
STE11,-0.7975,43,KRSA,0.438871473354232,2,STE,STE11,ASK,MAP3K15
STE11,-0.7975,43,KRSA,0.438871473354232,2,STE,STE11,MEKK2,MAP3K2
STE11,-0.7975,43,KRSA,0.438871473354232,2,STE,STE11,MEKK2,MAP3K3
STE11,-0.7975,43,KRSA,0.438871473354232,2,STE,STE11,MEKK4,MAP3K4
STE11,-0.7975,43,KRSA,0.438871473354232,2,STE,STE11,ASK,MAP3K5
STE11,-0.7975,43,KRSA,0.438871473354232,2,STE,STE11,ASK,MAP3K6
AMPK,1.3775,30,KRSA,0.6144200626959248,3,CAMK,CAMKL,AMPK,PRKAA1
AMPK,1.3775,30,KRSA,0.6144200626959248,3,CAMK,CAMKL,AMPK,PRKAA2
HAL,-0.98,37,KRSA,0.5266457680250783,3,RGC,RGC,RGC,NPR1
NUAK,-0.985,36,KRSA,0.5391849529780565,3,CAMK,CAMKL,NUAK,NUAK1
NUAK,-0.985,36,KRSA,0.5391849529780565,3,CAMK,CAMKL,NUAK,NUAK2
NAK,-0.975,38,KRSA,0.5141065830721003,3,OTHER,NAK,BIKE,AAK1
NAK,-0.975,38,KRSA,0.5141065830721003,3,OTHER,NAK,BIKE,BMP2K
NAK,-0.975,38,KRSA,0.5141065830721003,3,OTHER,NAK,GAK,GAK
NAK,-0.975,38,KRSA,0.5141065830721003,3,OTHER,NAK,MPSK,STK16
TLK,-0.96,39,KRSA,0.4890282131661442,2,OTHER,TLK,TLK,TLK1
TLK,-0.96,39,KRSA,0.4890282131661442,2,OTHER,TLK,TLK,TLK2
TTK,-0.96,39,KRSA,0.4890282131661442,2,OTHER,TTK,TTK,TTK
GSK,-0.61,52,KRSA,0.30094043887147337,2,CMGC,GSK,GSK,GSK3A
GSK,-0.61,52,KRSA,0.30094043887147337,2,CMGC,GSK,GSK,GSK3B
GRK,-1.3725,31,KRSA,0.6018808777429467,3,AGC,GRK,GRK,GRK1
GRK,-1.3725,31,KRSA,0.6018808777429467,3,AGC,GRK,GRK,GRK4
GRK,-1.3725,31,KRSA,0.6018808777429467,3,AGC,GRK,GRK,GRK5
GRK,-1.3725,31,KRSA,0.6018808777429467,3,AGC,GRK,GRK,GRK6
GRK,-1.3725,31,KRSA,0.6018808777429467,3,AGC,GRK,GRK,GRK7
PRKDC,-0.7025,44,KRSA,0.4263322884012539,2,ATYPICAL,PIKK,DNAPK,PRKDC
COT,0.8925000000000001,40,KRSA,0.47648902821316613,2,STE,STE-UNIQUE,STE-UNIQUE,MAP3K8
BARK2,1.31,32,KRSA,0.5893416927899686,3,AGC,GRK,BARK,GRK3
VRK1,-0.8575,41,KRSA,0.46394984326018807,2,CK1,VRK,VRK,VRK1
SGK,0.575,55,KRSA,0.2507836990595611,2,AGC,SGK,SGK,SGK1
SGK,0.575,55,KRSA,0.2507836990595611,2,AGC,SGK,SGK,SGK2
SGK,0.575,55,KRSA,0.2507836990595611,2,AGC,SGK,SGK,SGK3
RAD53,1.145,34,KRSA,0.5642633228840125,3,CAMK,RAD53,RAD53,CHEK2
SLK,-0.6975,45,KRSA,0.41379310344827586,2,STE,STE20,SLK,SLK
SLK,-0.6975,45,KRSA,0.41379310344827586,2,STE,STE20,SLK,STK10
MOS,-0.69,48,KRSA,0.36363636363636365,2,OTHER,MOS,MOS,MOS
NIK,-0.6925,46,KRSA,0.4012539184952978,2,STE,STE-UNIQUE,STE-UNIQUE,MAP3K14
ULK,-0.6900000000000001,47,KRSA,0.3761755485893417,2,OTHER,ULK,FUSED,STK36
ULK,-0.6900000000000001,47,KRSA,0.3761755485893417,2,OTHER,ULK,ULK,ULK1
ULK,-0.6900000000000001,47,KRSA,0.3761755485893417,2,OTHER,ULK,ULK,ULK2
ULK,-0.6900000000000001,47,KRSA,0.3761755485893417,2,OTHER,ULK,ULK,ULK3
ULK,-0.6900000000000001,47,KRSA,0.3761755485893417,2,OTHER,ULK,ULK,ULK4
TAO,-0.675,51,KRSA,0.31347962382445144,2,STE,STE20,TAO,TAOK1
TAO,-0.675,51,KRSA,0.31347962382445144,2,STE,STE20,TAO,TAOK2
TAO,-0.675,51,KRSA,0.31347962382445144,2,STE,STE20,TAO,TAOK3
KHS,-0.6825,49,KRSA,0.3510971786833856,2,STE,STE20,KHS,MAP4K1
KHS,-0.6825,49,KRSA,0.3510971786833856,2,STE,STE20,KHS,MAP4K2
KHS,-0.6825,49,KRSA,0.3510971786833856,2,STE,STE20,KHS,MAP4K3
KHS,-0.6825,49,KRSA,0.3510971786833856,2,STE,STE20,KHS,MAP4K5
BUD32,-0.675,51,KRSA,0.31347962382445144,2,OTHER,BUD32,BUD32,TP53RK
MTOR,-0.33999999999999997,62,KRSA,0.16300940438871472,1,ATYPICAL,PIKK,FRAP,MTOR
CLK,-0.6900000000000001,47,KRSA,0.3761755485893417,2,CMGC,CLK,CLK,CLK1
CLK,-0.6900000000000001,47,KRSA,0.3761755485893417,2,CMGC,CLK,CLK,CLK2
CLK,-0.6900000000000001,47,KRSA,0.3761755485893417,2,CMGC,CLK,CLK,CLK3
CLK,-0.6900000000000001,47,KRSA,0.3761755485893417,2,CMGC,CLK,CLK,CLK4
CAMKK,-0.6775,50,KRSA,0.3385579937304075,2,OTHER,CAMKK,META,CAMKK1
CAMKK,-0.6775,50,KRSA,0.3385579937304075,2,OTHER,CAMKK,META,CAMKK2
DAPK,0.265,67,KRSA,0.10031347962382445,1,CAMK,DAPK,DAPK,DAPK1
DAPK,0.265,67,KRSA,0.10031347962382445,1,CAMK,DAPK,DAPK,DAPK2
DAPK,0.265,67,KRSA,0.10031347962382445,1,CAMK,DAPK,DAPK,DAPK3
DAPK,0.265,67,KRSA,0.10031347962382445,1,CAMK,DAPK,DRAK,STK17A
DAPK,0.265,67,KRSA,0.10031347962382445,1,CAMK,DAPK,DRAK,STK17B
ATR,-0.5675,56,KRSA,0.23824451410658307,1,ATYPICAL,PIKK,ATR,ATR
RAF,-0.81,42,KRSA,0.45141065830721006,2,TKL,RAF,RAF,ARAF
RAF,-0.81,42,KRSA,0.45141065830721006,2,TKL,RAF,RAF,BRAF
RAF,-0.81,42,KRSA,0.45141065830721006,2,TKL,RAF,KSR,KSR1
RAF,-0.81,42,KRSA,0.45141065830721006,2,TKL,RAF,KSR,KSR2
RAF,-0.81,42,KRSA,0.45141065830721006,2,TKL,RAF,RAF,RAF1
CHK1,-0.41,59,KRSA,0.2006269592476489,1,CAMK,CAMKL,CHK1,CHEK1
FRAY,-0.245,69,KRSA,0.07523510971786834,1,STE,STE20,FRAY,OXSR1
FRAY,-0.245,69,KRSA,0.07523510971786834,1,STE,STE20,FRAY,STK39
ATM,-0.27499999999999997,65,KRSA,0.12539184952978055,1,ATYPICAL,PIKK,ATM,ATM
MSN,-0.27,66,KRSA,0.11285266457680251,1,STE,STE20,MSN,MAP4K4
MSN,-0.27,66,KRSA,0.11285266457680251,1,STE,STE20,MSN,NRK
MSN,-0.27,66,KRSA,0.11285266457680251,1,STE,STE20,MSN,TNIK
MLK,0.3825,60,KRSA,0.18808777429467086,1,TKL,MLK,ILK,ILK
MLK,0.3825,60,KRSA,0.18808777429467086,1,TKL,MLK,MLK,MAP3K10
MLK,0.3825,60,KRSA,0.18808777429467086,1,TKL,MLK,MLK,MAP3K11
MLK,0.3825,60,KRSA,0.18808777429467086,1,TKL,MLK,LZK,MAP3K12
MLK,0.3825,60,KRSA,0.18808777429467086,1,TKL,MLK,LZK,MAP3K13
MLK,0.3825,60,KRSA,0.18808777429467086,1,TKL,MLK,MLK,MAP3K9
MLK,0.3825,60,KRSA,0.18808777429467086,1,TKL,MLK,HH498,TNNI3K
MELK,0.605,53,KRSA,0.27586206896551724,2,CAMK,CAMKL,MELK,MELK
MAPKAPK,-0.3225,63,KRSA,0.15047021943573669,1,CAMK,MAPKAPK,MAPKAPK,MAPKAPK2
MAPKAPK,-0.3225,63,KRSA,0.15047021943573669,1,CAMK,MAPKAPK,MAPKAPK,MAPKAPK3
MAPKAPK,-0.3225,63,KRSA,0.15047021943573669,1,CAMK,MAPKAPK,MAPKAPK,MAPKAPK5
MAPKAPK,-0.3225,63,KRSA,0.15047021943573669,1,CAMK,MAPKAPK,MNK,MKNK1
MAPKAPK,-0.3225,63,KRSA,0.15047021943573669,1,CAMK,MAPKAPK,MNK,MKNK2
CAMK1,0.5525,57,KRSA,0.22570532915360503,1,CAMK,CAMK1,CAMK1,CAMK1
CAMK1,0.5525,57,KRSA,0.22570532915360503,1,CAMK,CAMK1,CAMK1,CAMK1D
CAMK1,0.5525,57,KRSA,0.22570532915360503,1,CAMK,CAMK1,CAMK1,CAMK1G
CAMK1,0.5525,57,KRSA,0.22570532915360503,1,CAMK,CAMK1,CAMK1,CAMK4
CAMK1,0.5525,57,KRSA,0.22570532915360503,1,CAMK,CAMK1,CAMK1,PNCK
MST,-0.2475,68,KRSA,0.0877742946708464,1,STE,STE20,MST,STK3
MST,-0.2475,68,KRSA,0.0877742946708464,1,STE,STE20,MST,STK4
RIPK,-0.03750000000000003,75,KRSA,0,1,TKL,RIPK,RIPK,ANKK1
RIPK,-0.03750000000000003,75,KRSA,0,1,TKL,RIPK,RIPK,RIPK1
RIPK,-0.03750000000000003,75,KRSA,0,1,TKL,RIPK,RIPK,RIPK2
RIPK,-0.03750000000000003,75,KRSA,0,1,TKL,RIPK,RIPK,RIPK3
RIPK,-0.03750000000000003,75,KRSA,0,1,TKL,RIPK,RIPK,RIPK4
PKN,0.15000000000000002,72,KRSA,0.03761755485893417,1,AGC,PKN,PKN,PKN1
PKN,0.15000000000000002,72,KRSA,0.03761755485893417,1,AGC,PKN,PKN,PKN2
PKN,0.15000000000000002,72,KRSA,0.03761755485893417,1,AGC,PKN,PKN,PKN3
IRAK,0.1775,70,KRSA,0.06269592476489028,1,TKL,IRAK,IRAK,IRAK1
IRAK,0.1775,70,KRSA,0.06269592476489028,1,TKL,IRAK,IRAK,IRAK2
IRAK,0.1775,70,KRSA,0.06269592476489028,1,TKL,IRAK,IRAK,IRAK3
IRAK,0.1775,70,KRSA,0.06269592476489028,1,TKL,IRAK,IRAK,IRAK4
PDHK,-0.1325,73,KRSA,0.025078369905956112,1,ATYPICAL,PDHK,BCKDK,BCKDK
PDHK,-0.1325,73,KRSA,0.025078369905956112,1,ATYPICAL,PDHK,PDHK,PDK2
PDHK,-0.1325,73,KRSA,0.025078369905956112,1,ATYPICAL,PDHK,PDHK,PDK3
PDHK,-0.1325,73,KRSA,0.025078369905956112,1,ATYPICAL,PDHK,PDHK,PDK4
QIK,0.3625,61,KRSA,0.1755485893416928,1,CAMK,CAMKL,QIK,SIK1
QIK,0.3625,61,KRSA,0.1755485893416928,1,CAMK,CAMKL,QIK,SIK2
MLCK,-0.315,64,KRSA,0.13793103448275862,1,CAMK,MLCK,MLCK,MYLK
MLCK,-0.315,64,KRSA,0.13793103448275862,1,CAMK,MLCK,MLCK,MYLK2
MLCK,-0.315,64,KRSA,0.13793103448275862,1,CAMK,MLCK,MLCK,TTN
CK2,-0.04249999999999999,74,KRSA,0.012539184952978056,1,CMGC,CK2,CK2,CSNK2A1
CK2,-0.04249999999999999,74,KRSA,0.012539184952978056,1,CMGC,CK2,CK2,CSNK2A2
CK2,-0.04249999999999999,74,KRSA,0.012539184952978056,1,NA,NA,NA,CSNK2A3
NDR,-0.605,53,KRSA,0.27586206896551724,2,AGC,NDR,NDR,LATS1
NDR,-0.605,53,KRSA,0.27586206896551724,2,AGC,NDR,NDR,LATS2
NDR,-0.605,53,KRSA,0.27586206896551724,2,AGC,NDR,NDR,STK38
NDR,-0.605,53,KRSA,0.27586206896551724,2,AGC,NDR,NDR,STK38L
JNK,-2.83,2,KRSA,0.9780564263322884,4,CMGC,MAPK,JNK,MAPK10
JNK,-2.83,2,KRSA,0.9780564263322884,4,CMGC,MAPK,JNK,MAPK8
JNK,-2.83,2,KRSA,0.9780564263322884,4,CMGC,MAPK,JNK,MAPK9
ERK,-2.77,3,KRSA,0.9655172413793104,4,CMGC,MAPK,ERK1,MAPK1
ERK,-2.77,3,KRSA,0.9655172413793104,4,CMGC,MAPK,ERK7,MAPK15
ERK,-2.77,3,KRSA,0.9655172413793104,4,CMGC,MAPK,ERK1,MAPK3
ERK,-2.77,3,KRSA,0.9655172413793104,4,CMGC,MAPK,ERK3,MAPK4
ERK,-2.77,3,KRSA,0.9655172413793104,4,CMGC,MAPK,ERK3,MAPK6
ERK,-2.77,3,KRSA,0.9655172413793104,4,CMGC,MAPK,ERK5,MAPK7
DYRK,-2.41,10,KRSA,0.877742946708464,4,CMGC,DYRK,DYRK1,DYRK1A
DYRK,-2.41,10,KRSA,0.877742946708464,4,CMGC,DYRK,DYRK1,DYRK1B
DYRK,-2.41,10,KRSA,0.877742946708464,4,CMGC,DYRK,DYRK2,DYRK2
DYRK,-2.41,10,KRSA,0.877742946708464,4,CMGC,DYRK,DYRK2,DYRK3
DYRK,-2.41,10,KRSA,0.877742946708464,4,CMGC,DYRK,DYRK2,DYRK4
DYRK,-2.41,10,KRSA,0.877742946708464,4,CMGC,DYRK,HIPK,HIPK1
DYRK,-2.41,10,KRSA,0.877742946708464,4,CMGC,DYRK,HIPK,HIPK2
DYRK,-2.41,10,KRSA,0.877742946708464,4,CMGC,DYRK,HIPK,HIPK3
DYRK,-2.41,10,KRSA,0.877742946708464,4,CMGC,DYRK,HIPK,HIPK4
DYRK,-2.41,10,KRSA,0.877742946708464,4,CMGC,DYRK,PRP4,PRPF4B
PLK,-2.51,8,KRSA,0.9028213166144201,4,NA,NA,NA,PLK5
PLK,-2.51,8,KRSA,0.9028213166144201,4,OTHER,PLK,PLK1,PLK1
PLK,-2.51,8,KRSA,0.9028213166144201,4,OTHER,PLK,PLK2,PLK2
PLK,-2.51,8,KRSA,0.9028213166144201,4,OTHER,PLK,PLK2,PLK3
PLK,-2.51,8,KRSA,0.9028213166144201,4,OTHER,PLK,SAK,PLK4
PKG,2.665,5,KRSA,0.9404388714733543,4,AGC,PKG,PKG,PRKG1
PKG,2.665,5,KRSA,0.9404388714733543,4,AGC,PKG,PKG,PRKG2
CDK,-2.7625,4,KRSA,0.9529780564263323,4,CMGC,CDK,CDC2,CDK1
CDK,-2.7625,4,KRSA,0.9529780564263323,4,CMGC,CDK,CDK10,CDK10
CDK,-2.7625,4,KRSA,0.9529780564263323,4,CMGC,CDK,CRK7,CDK12
CDK,-2.7625,4,KRSA,0.9529780564263323,4,CMGC,CDK,CRK7,CDK13
CDK,-2.7625,4,KRSA,0.9529780564263323,4,CMGC,CDK,PFTAIRE,CDK14
CDK,-2.7625,4,KRSA,0.9529780564263323,4,CMGC,CDK,PFTAIRE,CDK15
CDK,-2.7625,4,KRSA,0.9529780564263323,4,CMGC,CDK,PCTAIRE,CDK16
CDK,-2.7625,4,KRSA,0.9529780564263323,4,CMGC,CDK,PCTAIRE,CDK17
CDK,-2.7625,4,KRSA,0.9529780564263323,4,CMGC,CDK,PCTAIRE,CDK18
CDK,-2.7625,4,KRSA,0.9529780564263323,4,CMGC,CDK,CDK8,CDK19
CDK,-2.7625,4,KRSA,0.9529780564263323,4,CMGC,CDK,CDC2,CDK2
CDK,-2.7625,4,KRSA,0.9529780564263323,4,CMGC,CDK,CCRK,CDK20
CDK,-2.7625,4,KRSA,0.9529780564263323,4,CMGC,CDK,CDC2,CDK3
CDK,-2.7625,4,KRSA,0.9529780564263323,4,CMGC,CDK,CDK4,CDK4
CDK,-2.7625,4,KRSA,0.9529780564263323,4,CMGC,CDK,CDK5,CDK5
CDK,-2.7625,4,KRSA,0.9529780564263323,4,CMGC,CDK,CDK4,CDK6
CDK,-2.7625,4,KRSA,0.9529780564263323,4,CMGC,CDK,CDK7,CDK7
CDK,-2.7625,4,KRSA,0.9529780564263323,4,CMGC,CDK,CDK8,CDK8
CDK,-2.7625,4,KRSA,0.9529780564263323,4,CMGC,CDK,CDK9,CDK9
CDK,-2.7625,4,KRSA,0.9529780564263323,4,NA,NA,NA,CDK11A
CDK,-2.7625,4,KRSA,0.9529780564263323,4,NA,NA,NA,CDK11B
STE7,-2.27,12,KRSA,0.8526645768025078,4,STE,STE7,MEK1,MAP2K1
STE7,-2.27,12,KRSA,0.8526645768025078,4,STE,STE7,MEK1,MAP2K2
STE7,-2.27,12,KRSA,0.8526645768025078,4,STE,STE7,MEK3,MAP2K3
STE7,-2.27,12,KRSA,0.8526645768025078,4,STE,STE7,MEK4,MAP2K4
STE7,-2.27,12,KRSA,0.8526645768025078,4,STE,STE7,MEK5,MAP2K5
STE7,-2.27,12,KRSA,0.8526645768025078,4,STE,STE7,MEK3,MAP2K6
STE7,-2.27,12,KRSA,0.8526645768025078,4,STE,STE7,MEK7,MAP2K7
P38,-2.13,14,KRSA,0.8275862068965517,4,CMGC,MAPK,P38,MAPK11
P38,-2.13,14,KRSA,0.8275862068965517,4,CMGC,MAPK,P38,MAPK12
P38,-2.13,14,KRSA,0.8275862068965517,4,CMGC,MAPK,P38,MAPK13
P38,-2.13,14,KRSA,0.8275862068965517,4,CMGC,MAPK,P38,MAPK14
DMPK,2.8325,1,KRSA,0.9905956112852664,4,AGC,DMPK,GEK,CDC42BPA
DMPK,2.8325,1,KRSA,0.9905956112852664,4,AGC,DMPK,GEK,CDC42BPB
DMPK,2.8325,1,KRSA,0.9905956112852664,4,AGC,DMPK,GEK,CDC42BPG
DMPK,2.8325,1,KRSA,0.9905956112852664,4,AGC,DMPK,CRIK,CIT
DMPK,2.8325,1,KRSA,0.9905956112852664,4,AGC,DMPK,GEK,DMPK
DMPK,2.8325,1,KRSA,0.9905956112852664,4,AGC,DMPK,ROCK,ROCK1
DMPK,2.8325,1,KRSA,0.9905956112852664,4,AGC,DMPK,ROCK,ROCK2
PKCD,2.5774999999999997,6,KRSA,0.9278996865203761,4,AGC,PKC,DELTA,PRKCD
PKCD,2.5774999999999997,6,KRSA,0.9278996865203761,4,AGC,PKC,DELTA,PRKCQ
PKCI,2.52,7,KRSA,0.9153605015673981,4,AGC,PKC,IOTA,PRKCI
PKCI,2.52,7,KRSA,0.9153605015673981,4,AGC,PKC,IOTA,PRKCZ
PIM,2.4575,9,KRSA,0.890282131661442,4,CAMK,PIM,PIM,PIM1
PIM,2.4575,9,KRSA,0.890282131661442,4,CAMK,PIM,PIM,PIM2
PIM,2.4575,9,KRSA,0.890282131661442,4,CAMK,PIM,PIM,PIM3
PDK1,-1.89,19,KRSA,0.7648902821316614,4,ATYPICAL,PDHK,PDHK,PDK1
PDK1,-1.89,19,KRSA,0.7648902821316614,4,AGC,PDK1,PDK1,PDPK1
PKCH,1.775,22,KRSA,0.7147335423197492,3,AGC,PKC,ETA,PRKCE
PKCH,1.775,22,KRSA,0.7147335423197492,3,AGC,PKC,ETA,PRKCH
CK1,-2.125,15,KRSA,0.8150470219435737,4,CK1,CK1,CK1-A,CSNK1A1
CK1,-2.125,15,KRSA,0.8150470219435737,4,CK1,CK1,CK1-A,CSNK1A1L
CK1,-2.125,15,KRSA,0.8150470219435737,4,CK1,CK1,CK1-D,CSNK1D
CK1,-2.125,15,KRSA,0.8150470219435737,4,CK1,CK1,CK1-D,CSNK1E
CK1,-2.125,15,KRSA,0.8150470219435737,4,CK1,CK1,CK1-G,CSNK1G1
CK1,-2.125,15,KRSA,0.8150470219435737,4,CK1,CK1,CK1-G,CSNK1G2
CK1,-2.125,15,KRSA,0.8150470219435737,4,CK1,CK1,CK1-G,CSNK1G3
CK1,-2.125,15,KRSA,0.8150470219435737,4,CK1,TTBK,TTBK,TTBK1
CK1,-2.125,15,KRSA,0.8150470219435737,4,CK1,TTBK,TTBK,TTBK2
CK1,-2.125,15,KRSA,0.8150470219435737,4,CK1,VRK,VRK,VRK3
PKA,2.175,13,KRSA,0.8401253918495298,4,AGC,PKA,PKA,PRKACA
PKA,2.175,13,KRSA,0.8401253918495298,4,AGC,PKA,PKA,PRKACB
PKA,2.175,13,KRSA,0.8401253918495298,4,AGC,PKA,PKA,PRKACG
PKA,2.175,13,KRSA,0.8401253918495298,4,AGC,PKA,PKA,PRKX
PKA,2.175,13,KRSA,0.8401253918495298,4,AGC,PKA,PKA,PRKY
STKR,-1.865,20,KRSA,0.7398119122257053,3,TKL,STKR,TYPE1,ACVR1
STKR,-1.865,20,KRSA,0.7398119122257053,3,TKL,STKR,TYPE1,ACVR1B
STKR,-1.865,20,KRSA,0.7398119122257053,3,TKL,STKR,TYPE1,ACVR1C
STKR,-1.865,20,KRSA,0.7398119122257053,3,TKL,STKR,TYPE2,ACVR2A
STKR,-1.865,20,KRSA,0.7398119122257053,3,TKL,STKR,TYPE2,ACVR2B
STKR,-1.865,20,KRSA,0.7398119122257053,3,TKL,STKR,TYPE1,ACVRL1
STKR,-1.865,20,KRSA,0.7398119122257053,3,TKL,STKR,TYPE2,AMHR2
STKR,-1.865,20,KRSA,0.7398119122257053,3,TKL,STKR,TYPE1,BMPR1A
STKR,-1.865,20,KRSA,0.7398119122257053,3,TKL,STKR,TYPE1,BMPR1B
STKR,-1.865,20,KRSA,0.7398119122257053,3,TKL,STKR,TYPE2,BMPR2
STKR,-1.865,20,KRSA,0.7398119122257053,3,TKL,STKR,TYPE1,TGFBR1
STKR,-1.865,20,KRSA,0.7398119122257053,3,TKL,STKR,TYPE2,TGFBR2
PEK,-1.655,23,KRSA,0.7021943573667712,3,OTHER,PEK,HRI,EIF2AK1
PEK,-1.655,23,KRSA,0.7021943573667712,3,OTHER,PEK,PKR,EIF2AK2
PEK,-1.655,23,KRSA,0.7021943573667712,3,OTHER,PEK,PEK,EIF2AK3
PEK,-1.655,23,KRSA,0.7021943573667712,3,OTHER,PEK,GCN2,EIF2AK4
NMO,-1.865,20,KRSA,0.7398119122257053,3,CMGC,MAPK,NMO,NLK
AUR,2.005,17,KRSA,0.7899686520376176,4,OTHER,AUR,AUR,AURKA
AUR,2.005,17,KRSA,0.7899686520376176,4,OTHER,AUR,AUR,AURKB
AUR,2.005,17,KRSA,0.7899686520376176,4,OTHER,AUR,AUR,AURKC
LKB,-1.8625,21,KRSA,0.7272727272727273,3,CAMK,CAMKL,LKB,STK11
PAKB,2.1225,16,KRSA,0.8025078369905956,4,STE,STE20,PAKB,PAK4
PAKB,2.1225,16,KRSA,0.8025078369905956,4,STE,STE20,PAKB,PAK5
PAKB,2.1225,16,KRSA,0.8025078369905956,4,STE,STE20,PAKB,PAK6
PHK,2.3975,11,KRSA,0.8652037617554859,4,CAMK,PHK,PHK,PHKG1
PHK,2.3975,11,KRSA,0.8652037617554859,4,CAMK,PHK,PHK,PHKG2
AKT,1.4,28,KRSA,0.6394984326018809,3,AGC,AKT,AKT,AKT1
AKT,1.4,28,KRSA,0.6394984326018809,3,AGC,AKT,AKT,AKT2
AKT,1.4,28,KRSA,0.6394984326018809,3,AGC,AKT,AKT,AKT3
RSK,1.44,27,KRSA,0.6520376175548589,3,AGC,RSK,RSK,RPS6KA1
RSK,1.44,27,KRSA,0.6520376175548589,3,AGC,RSK,RSK,RPS6KA2
RSK,1.44,27,KRSA,0.6520376175548589,3,AGC,RSK,RSK,RPS6KA3
RSK,1.44,27,KRSA,0.6520376175548589,3,AGC,RSK,MSK,RPS6KA4
RSK,1.44,27,KRSA,0.6520376175548589,3,AGC,RSK,MSK,RPS6KA5
RSK,1.44,27,KRSA,0.6520376175548589,3,AGC,RSK,RSK,RPS6KA6
RSK,1.44,27,KRSA,0.6520376175548589,3,AGC,RSK,P70,RPS6KB1
RSK,1.44,27,KRSA,0.6520376175548589,3,AGC,RSK,P70,RPS6KB2
CAMK2,-1.6375,24,KRSA,0.6896551724137931,3,CAMK,CAMK2,CAMK2,CAMK2A
CAMK2,-1.6375,24,KRSA,0.6896551724137931,3,CAMK,CAMK2,CAMK2,CAMK2B
CAMK2,-1.6375,24,KRSA,0.6896551724137931,3,CAMK,CAMK2,CAMK2,CAMK2D
CAMK2,-1.6375,24,KRSA,0.6896551724137931,3,CAMK,CAMK2,CAMK2,CAMK2G
PKD,1.8925,18,KRSA,0.7774294670846394,4,CAMK,PKD,PKD,PRKD1
PKD,1.8925,18,KRSA,0.7774294670846394,4,CAMK,PKD,PKD,PRKD2
PKD,1.8925,18,KRSA,0.7774294670846394,4,CAMK,PKD,PKD,PRKD3
GRK,-1.3725,31,KRSA,0.6018808777429467,3,AGC,GRK,GRK,GRK1
GRK,-1.3725,31,KRSA,0.6018808777429467,3,AGC,GRK,GRK,GRK4
GRK,-1.3725,31,KRSA,0.6018808777429467,3,AGC,GRK,GRK,GRK5
GRK,-1.3725,31,KRSA,0.6018808777429467,3,AGC,GRK,GRK,GRK6
GRK,-1.3725,31,KRSA,0.6018808777429467,3,AGC,GRK,GRK,GRK7
PASK,1.5,25,KRSA,0.677115987460815,3,CAMK,CAMKL,PASK,PASK
NEK,-1.1,35,KRSA,0.5517241379310345,3,OTHER,NEK,NEK11,NEK11
NEK,-1.1,35,KRSA,0.5517241379310345,3,OTHER,NEK,NEK2,NEK2
NEK,-1.1,35,KRSA,0.5517241379310345,3,OTHER,NEK,NEK1,NEK3
NEK,-1.1,35,KRSA,0.5517241379310345,3,OTHER,NEK,NEK4,NEK4
NEK,-1.1,35,KRSA,0.5517241379310345,3,OTHER,NEK,NEK1,NEK5
NEK,-1.1,35,KRSA,0.5517241379310345,3,OTHER,NEK,NEK6,NEK6
NEK,-1.1,35,KRSA,0.5517241379310345,3,OTHER,NEK,NEK6,NEK7
NEK,-1.1,35,KRSA,0.5517241379310345,3,OTHER,NEK,NEK8,NEK8
NEK,-1.1,35,KRSA,0.5517241379310345,3,OTHER,NEK,NEK8,NEK9
BRSK,1.4675,26,KRSA,0.664576802507837,3,CAMK,CAMKL,BRSK,BRSK1
BRSK,1.4675,26,KRSA,0.664576802507837,3,CAMK,CAMKL,BRSK,BRSK2
RAD53,1.145,34,KRSA,0.5642633228840125,3,CAMK,RAD53,RAD53,CHEK2
PKCA,1.38,29,KRSA,0.6269592476489029,3,AGC,PKC,ALPHA,PRKCA
PKCA,1.38,29,KRSA,0.6269592476489029,3,AGC,PKC,ALPHA,PRKCB
PKCA,1.38,29,KRSA,0.6269592476489029,3,AGC,PKC,ALPHA,PRKCG
COT,0.8925000000000001,40,KRSA,0.47648902821316613,2,STE,STE-UNIQUE,STE-UNIQUE,MAP3K8
BARK2,1.31,32,KRSA,0.5893416927899686,3,AGC,GRK,BARK,GRK3
AMPK,1.3775,30,KRSA,0.6144200626959248,3,CAMK,CAMKL,AMPK,PRKAA1
AMPK,1.3775,30,KRSA,0.6144200626959248,3,CAMK,CAMKL,AMPK,PRKAA2
IKK,-0.5325,58,KRSA,0.21316614420062696,1,OTHER,IKK,IKK,CHUK
IKK,-0.5325,58,KRSA,0.21316614420062696,1,OTHER,IKK,IKK,IKBKB
IKK,-0.5325,58,KRSA,0.21316614420062696,1,OTHER,IKK,IKK,IKBKE
IKK,-0.5325,58,KRSA,0.21316614420062696,1,OTHER,IKK,IKK,TBK1
HAL,-0.98,37,KRSA,0.5266457680250783,3,RGC,RGC,RGC,NPR1
STE11,-0.7975,43,KRSA,0.438871473354232,2,TKL,MLK,TAK1,MAP3K7
STE11,-0.7975,43,KRSA,0.438871473354232,2,STE,STE11,MEKK1,MAP3K1
STE11,-0.7975,43,KRSA,0.438871473354232,2,STE,STE11,ASK,MAP3K15
STE11,-0.7975,43,KRSA,0.438871473354232,2,STE,STE11,MEKK2,MAP3K2
STE11,-0.7975,43,KRSA,0.438871473354232,2,STE,STE11,MEKK2,MAP3K3
STE11,-0.7975,43,KRSA,0.438871473354232,2,STE,STE11,MEKK4,MAP3K4
STE11,-0.7975,43,KRSA,0.438871473354232,2,STE,STE11,ASK,MAP3K5
STE11,-0.7975,43,KRSA,0.438871473354232,2,STE,STE11,ASK,MAP3K6
NUAK,-0.985,36,KRSA,0.5391849529780565,3,CAMK,CAMKL,NUAK,NUAK1
NUAK,-0.985,36,KRSA,0.5391849529780565,3,CAMK,CAMKL,NUAK,NUAK2
TTK,-0.96,39,KRSA,0.4890282131661442,2,OTHER,TTK,TTK,TTK
TLK,-0.96,39,KRSA,0.4890282131661442,2,OTHER,TLK,TLK,TLK1
TLK,-0.96,39,KRSA,0.4890282131661442,2,OTHER,TLK,TLK,TLK2
NAK,-0.975,38,KRSA,0.5141065830721003,3,OTHER,NAK,BIKE,AAK1
NAK,-0.975,38,KRSA,0.5141065830721003,3,OTHER,NAK,BIKE,BMP2K
NAK,-0.975,38,KRSA,0.5141065830721003,3,OTHER,NAK,GAK,GAK
NAK,-0.975,38,KRSA,0.5141065830721003,3,OTHER,NAK,MPSK,STK16
MAPKAPK,-0.3225,63,KRSA,0.15047021943573669,1,CAMK,MAPKAPK,MAPKAPK,MAPKAPK2
MAPKAPK,-0.3225,63,KRSA,0.15047021943573669,1,CAMK,MAPKAPK,MAPKAPK,MAPKAPK3
MAPKAPK,-0.3225,63,KRSA,0.15047021943573669,1,CAMK,MAPKAPK,MAPKAPK,MAPKAPK5
MAPKAPK,-0.3225,63,KRSA,0.15047021943573669,1,CAMK,MAPKAPK,MNK,MKNK1
MAPKAPK,-0.3225,63,KRSA,0.15047021943573669,1,CAMK,MAPKAPK,MNK,MKNK2
PAKA,1.155,33,KRSA,0.5768025078369906,3,STE,STE20,PAKA,PAK1
PAKA,1.155,33,KRSA,0.5768025078369906,3,STE,STE20,PAKA,PAK2
PAKA,1.155,33,KRSA,0.5768025078369906,3,STE,STE20,PAKA,PAK3
PRKDC,-0.7025,44,KRSA,0.4263322884012539,2,ATYPICAL,PIKK,DNAPK,PRKDC
VRK1,-0.8575,41,KRSA,0.46394984326018807,2,CK1,VRK,VRK,VRK1
GSK,-0.61,52,KRSA,0.30094043887147337,2,CMGC,GSK,GSK,GSK3A
GSK,-0.61,52,KRSA,0.30094043887147337,2,CMGC,GSK,GSK,GSK3B
CLK,-0.6900000000000001,47,KRSA,0.3761755485893417,2,CMGC,CLK,CLK,CLK1
CLK,-0.6900000000000001,47,KRSA,0.3761755485893417,2,CMGC,CLK,CLK,CLK2
CLK,-0.6900000000000001,47,KRSA,0.3761755485893417,2,CMGC,CLK,CLK,CLK3
CLK,-0.6900000000000001,47,KRSA,0.3761755485893417,2,CMGC,CLK,CLK,CLK4
NIK,-0.6925,46,KRSA,0.4012539184952978,2,STE,STE-UNIQUE,STE-UNIQUE,MAP3K14
RAF,-0.81,42,KRSA,0.45141065830721006,2,TKL,RAF,RAF,ARAF
RAF,-0.81,42,KRSA,0.45141065830721006,2,TKL,RAF,RAF,BRAF
RAF,-0.81,42,KRSA,0.45141065830721006,2,TKL,RAF,KSR,KSR1
RAF,-0.81,42,KRSA,0.45141065830721006,2,TKL,RAF,KSR,KSR2
RAF,-0.81,42,KRSA,0.45141065830721006,2,TKL,RAF,RAF,RAF1
ULK,-0.6900000000000001,47,KRSA,0.3761755485893417,2,OTHER,ULK,FUSED,STK36
ULK,-0.6900000000000001,47,KRSA,0.3761755485893417,2,OTHER,ULK,ULK,ULK1
ULK,-0.6900000000000001,47,KRSA,0.3761755485893417,2,OTHER,ULK,ULK,ULK2
ULK,-0.6900000000000001,47,KRSA,0.3761755485893417,2,OTHER,ULK,ULK,ULK3
ULK,-0.6900000000000001,47,KRSA,0.3761755485893417,2,OTHER,ULK,ULK,ULK4
SLK,-0.6975,45,KRSA,0.41379310344827586,2,STE,STE20,SLK,SLK
SLK,-0.6975,45,KRSA,0.41379310344827586,2,STE,STE20,SLK,STK10
MOS,-0.69,48,KRSA,0.36363636363636365,2,OTHER,MOS,MOS,MOS
TAO,-0.675,51,KRSA,0.31347962382445144,2,STE,STE20,TAO,TAOK1
TAO,-0.675,51,KRSA,0.31347962382445144,2,STE,STE20,TAO,TAOK2
TAO,-0.675,51,KRSA,0.31347962382445144,2,STE,STE20,TAO,TAOK3
BUD32,-0.675,51,KRSA,0.31347962382445144,2,OTHER,BUD32,BUD32,TP53RK
NDR,-0.605,53,KRSA,0.27586206896551724,2,AGC,NDR,NDR,LATS1
NDR,-0.605,53,KRSA,0.27586206896551724,2,AGC,NDR,NDR,LATS2
NDR,-0.605,53,KRSA,0.27586206896551724,2,AGC,NDR,NDR,STK38
NDR,-0.605,53,KRSA,0.27586206896551724,2,AGC,NDR,NDR,STK38L
CAMKK,-0.6775,50,KRSA,0.3385579937304075,2,OTHER,CAMKK,META,CAMKK1
CAMKK,-0.6775,50,KRSA,0.3385579937304075,2,OTHER,CAMKK,META,CAMKK2
KHS,-0.6825,49,KRSA,0.3510971786833856,2,STE,STE20,KHS,MAP4K1
KHS,-0.6825,49,KRSA,0.3510971786833856,2,STE,STE20,KHS,MAP4K2
KHS,-0.6825,49,KRSA,0.3510971786833856,2,STE,STE20,KHS,MAP4K3
KHS,-0.6825,49,KRSA,0.3510971786833856,2,STE,STE20,KHS,MAP4K5
MLCK,-0.315,64,KRSA,0.13793103448275862,1,CAMK,MLCK,MLCK,MYLK
MLCK,-0.315,64,KRSA,0.13793103448275862,1,CAMK,MLCK,MLCK,MYLK2
MLCK,-0.315,64,KRSA,0.13793103448275862,1,CAMK,MLCK,MLCK,TTN
WNK,-0.1725,71,KRSA,0.050156739811912224,1,OTHER,WNK,WNK,WNK1
WNK,-0.1725,71,KRSA,0.050156739811912224,1,OTHER,WNK,WNK,WNK2
WNK,-0.1725,71,KRSA,0.050156739811912224,1,OTHER,WNK,WNK,WNK3
WNK,-0.1725,71,KRSA,0.050156739811912224,1,OTHER,WNK,WNK,WNK4
MLK,0.3825,60,KRSA,0.18808777429467086,1,TKL,MLK,ILK,ILK
MLK,0.3825,60,KRSA,0.18808777429467086,1,TKL,MLK,MLK,MAP3K10
MLK,0.3825,60,KRSA,0.18808777429467086,1,TKL,MLK,MLK,MAP3K11
MLK,0.3825,60,KRSA,0.18808777429467086,1,TKL,MLK,LZK,MAP3K12
MLK,0.3825,60,KRSA,0.18808777429467086,1,TKL,MLK,LZK,MAP3K13
MLK,0.3825,60,KRSA,0.18808777429467086,1,TKL,MLK,MLK,MAP3K9
MLK,0.3825,60,KRSA,0.18808777429467086,1,TKL,MLK,HH498,TNNI3K
DAPK,0.265,67,KRSA,0.10031347962382445,1,CAMK,DAPK,DAPK,DAPK1
DAPK,0.265,67,KRSA,0.10031347962382445,1,CAMK,DAPK,DAPK,DAPK2
DAPK,0.265,67,KRSA,0.10031347962382445,1,CAMK,DAPK,DAPK,DAPK3
DAPK,0.265,67,KRSA,0.10031347962382445,1,CAMK,DAPK,DRAK,STK17A
DAPK,0.265,67,KRSA,0.10031347962382445,1,CAMK,DAPK,DRAK,STK17B
MST,-0.2475,68,KRSA,0.0877742946708464,1,STE,STE20,MST,STK3
MST,-0.2475,68,KRSA,0.0877742946708464,1,STE,STE20,MST,STK4
ATM,-0.27499999999999997,65,KRSA,0.12539184952978055,1,ATYPICAL,PIKK,ATM,ATM
MSN,-0.27,66,KRSA,0.11285266457680251,1,STE,STE20,MSN,MAP4K4
MSN,-0.27,66,KRSA,0.11285266457680251,1,STE,STE20,MSN,NRK
MSN,-0.27,66,KRSA,0.11285266457680251,1,STE,STE20,MSN,TNIK
MTOR,-0.33999999999999997,62,KRSA,0.16300940438871472,1,ATYPICAL,PIKK,FRAP,MTOR
CHK1,-0.41,59,KRSA,0.2006269592476489,1,CAMK,CAMKL,CHK1,CHEK1
ATR,-0.5675,56,KRSA,0.23824451410658307,1,ATYPICAL,PIKK,ATR,ATR
PKN,0.15000000000000002,72,KRSA,0.03761755485893417,1,AGC,PKN,PKN,PKN1
PKN,0.15000000000000002,72,KRSA,0.03761755485893417,1,AGC,PKN,PKN,PKN2
PKN,0.15000000000000002,72,KRSA,0.03761755485893417,1,AGC,PKN,PKN,PKN3
MELK,0.605,53,KRSA,0.27586206896551724,2,CAMK,CAMKL,MELK,MELK
RIPK,-0.03750000000000003,75,KRSA,0,1,TKL,RIPK,RIPK,ANKK1
RIPK,-0.03750000000000003,75,KRSA,0,1,TKL,RIPK,RIPK,RIPK1
RIPK,-0.03750000000000003,75,KRSA,0,1,TKL,RIPK,RIPK,RIPK2
RIPK,-0.03750000000000003,75,KRSA,0,1,TKL,RIPK,RIPK,RIPK3
RIPK,-0.03750000000000003,75,KRSA,0,1,TKL,RIPK,RIPK,RIPK4
SGK,0.575,55,KRSA,0.2507836990595611,2,AGC,SGK,SGK,SGK1
SGK,0.575,55,KRSA,0.2507836990595611,2,AGC,SGK,SGK,SGK2
SGK,0.575,55,KRSA,0.2507836990595611,2,AGC,SGK,SGK,SGK3
QIK,0.3625,61,KRSA,0.1755485893416928,1,CAMK,CAMKL,QIK,SIK1
QIK,0.3625,61,KRSA,0.1755485893416928,1,CAMK,CAMKL,QIK,SIK2
CAMK1,0.5525,57,KRSA,0.22570532915360503,1,CAMK,CAMK1,CAMK1,CAMK1
CAMK1,0.5525,57,KRSA,0.22570532915360503,1,CAMK,CAMK1,CAMK1,CAMK1D
CAMK1,0.5525,57,KRSA,0.22570532915360503,1,CAMK,CAMK1,CAMK1,CAMK1G
CAMK1,0.5525,57,KRSA,0.22570532915360503,1,CAMK,CAMK1,CAMK1,CAMK4
CAMK1,0.5525,57,KRSA,0.22570532915360503,1,CAMK,CAMK1,CAMK1,PNCK
PDHK,-0.1325,73,KRSA,0.025078369905956112,1,ATYPICAL,PDHK,BCKDK,BCKDK
PDHK,-0.1325,73,KRSA,0.025078369905956112,1,ATYPICAL,PDHK,PDHK,PDK2
PDHK,-0.1325,73,KRSA,0.025078369905956112,1,ATYPICAL,PDHK,PDHK,PDK3
PDHK,-0.1325,73,KRSA,0.025078369905956112,1,ATYPICAL,PDHK,PDHK,PDK4
FRAY,-0.245,69,KRSA,0.07523510971786834,1,STE,STE20,FRAY,OXSR1
FRAY,-0.245,69,KRSA,0.07523510971786834,1,STE,STE20,FRAY,STK39
CK2,-0.04249999999999999,74,KRSA,0.012539184952978056,1,CMGC,CK2,CK2,CSNK2A1
CK2,-0.04249999999999999,74,KRSA,0.012539184952978056,1,CMGC,CK2,CK2,CSNK2A2
CK2,-0.04249999999999999,74,KRSA,0.012539184952978056,1,NA,NA,NA,CSNK2A3
IRAK,0.1775,70,KRSA,0.06269592476489028,1,TKL,IRAK,IRAK,IRAK1
IRAK,0.1775,70,KRSA,0.06269592476489028,1,TKL,IRAK,IRAK,IRAK2
IRAK,0.1775,70,KRSA,0.06269592476489028,1,TKL,IRAK,IRAK,IRAK3
IRAK,0.1775,70,KRSA,0.06269592476489028,1,TKL,IRAK,IRAK,IRAK4
DMPK,2.8325,1,KRSA,0.9905956112852664,4,AGC,DMPK,GEK,CDC42BPA
DMPK,2.8325,1,KRSA,0.9905956112852664,4,AGC,DMPK,GEK,CDC42BPB
DMPK,2.8325,1,KRSA,0.9905956112852664,4,AGC,DMPK,GEK,CDC42BPG
DMPK,2.8325,1,KRSA,0.9905956112852664,4,AGC,DMPK,CRIK,CIT
DMPK,2.8325,1,KRSA,0.9905956112852664,4,AGC,DMPK,GEK,DMPK
DMPK,2.8325,1,KRSA,0.9905956112852664,4,AGC,DMPK,ROCK,ROCK1
DMPK,2.8325,1,KRSA,0.9905956112852664,4,AGC,DMPK,ROCK,ROCK2
PKCD,2.5774999999999997,6,KRSA,0.9278996865203761,4,AGC,PKC,DELTA,PRKCD
PKCD,2.5774999999999997,6,KRSA,0.9278996865203761,4,AGC,PKC,DELTA,PRKCQ
PHK,2.3975,11,KRSA,0.8652037617554859,4,CAMK,PHK,PHK,PHKG1
PHK,2.3975,11,KRSA,0.8652037617554859,4,CAMK,PHK,PHK,PHKG2
CDK,-2.7625,4,KRSA,0.9529780564263323,4,CMGC,CDK,CDC2,CDK1
CDK,-2.7625,4,KRSA,0.9529780564263323,4,CMGC,CDK,CDK10,CDK10
CDK,-2.7625,4,KRSA,0.9529780564263323,4,CMGC,CDK,CRK7,CDK12
CDK,-2.7625,4,KRSA,0.9529780564263323,4,CMGC,CDK,CRK7,CDK13
CDK,-2.7625,4,KRSA,0.9529780564263323,4,CMGC,CDK,PFTAIRE,CDK14
CDK,-2.7625,4,KRSA,0.9529780564263323,4,CMGC,CDK,PFTAIRE,CDK15
CDK,-2.7625,4,KRSA,0.9529780564263323,4,CMGC,CDK,PCTAIRE,CDK16
CDK,-2.7625,4,KRSA,0.9529780564263323,4,CMGC,CDK,PCTAIRE,CDK17
CDK,-2.7625,4,KRSA,0.9529780564263323,4,CMGC,CDK,PCTAIRE,CDK18
CDK,-2.7625,4,KRSA,0.9529780564263323,4,CMGC,CDK,CDK8,CDK19
CDK,-2.7625,4,KRSA,0.9529780564263323,4,CMGC,CDK,CDC2,CDK2
CDK,-2.7625,4,KRSA,0.9529780564263323,4,CMGC,CDK,CCRK,CDK20
CDK,-2.7625,4,KRSA,0.9529780564263323,4,CMGC,CDK,CDC2,CDK3
CDK,-2.7625,4,KRSA,0.9529780564263323,4,CMGC,CDK,CDK4,CDK4
CDK,-2.7625,4,KRSA,0.9529780564263323,4,CMGC,CDK,CDK5,CDK5
CDK,-2.7625,4,KRSA,0.9529780564263323,4,CMGC,CDK,CDK4,CDK6
CDK,-2.7625,4,KRSA,0.9529780564263323,4,CMGC,CDK,CDK7,CDK7
CDK,-2.7625,4,KRSA,0.9529780564263323,4,CMGC,CDK,CDK8,CDK8
CDK,-2.7625,4,KRSA,0.9529780564263323,4,CMGC,CDK,CDK9,CDK9
CDK,-2.7625,4,KRSA,0.9529780564263323,4,NA,NA,NA,CDK11A
CDK,-2.7625,4,KRSA,0.9529780564263323,4,NA,NA,NA,CDK11B
PKG,2.665,5,KRSA,0.9404388714733543,4,AGC,PKG,PKG,PRKG1
PKG,2.665,5,KRSA,0.9404388714733543,4,AGC,PKG,PKG,PRKG2
JNK,-2.83,2,KRSA,0.9780564263322884,4,CMGC,MAPK,JNK,MAPK10
JNK,-2.83,2,KRSA,0.9780564263322884,4,CMGC,MAPK,JNK,MAPK8
JNK,-2.83,2,KRSA,0.9780564263322884,4,CMGC,MAPK,JNK,MAPK9
PKCI,2.52,7,KRSA,0.9153605015673981,4,AGC,PKC,IOTA,PRKCI
PKCI,2.52,7,KRSA,0.9153605015673981,4,AGC,PKC,IOTA,PRKCZ
PKD,1.8925,18,KRSA,0.7774294670846394,4,CAMK,PKD,PKD,PRKD1
PKD,1.8925,18,KRSA,0.7774294670846394,4,CAMK,PKD,PKD,PRKD2
PKD,1.8925,18,KRSA,0.7774294670846394,4,CAMK,PKD,PKD,PRKD3
AUR,2.005,17,KRSA,0.7899686520376176,4,OTHER,AUR,AUR,AURKA
AUR,2.005,17,KRSA,0.7899686520376176,4,OTHER,AUR,AUR,AURKB
AUR,2.005,17,KRSA,0.7899686520376176,4,OTHER,AUR,AUR,AURKC
ERK,-2.77,3,KRSA,0.9655172413793104,4,CMGC,MAPK,ERK1,MAPK1
ERK,-2.77,3,KRSA,0.9655172413793104,4,CMGC,MAPK,ERK7,MAPK15
ERK,-2.77,3,KRSA,0.9655172413793104,4,CMGC,MAPK,ERK1,MAPK3
ERK,-2.77,3,KRSA,0.9655172413793104,4,CMGC,MAPK,ERK3,MAPK4
ERK,-2.77,3,KRSA,0.9655172413793104,4,CMGC,MAPK,ERK3,MAPK6
ERK,-2.77,3,KRSA,0.9655172413793104,4,CMGC,MAPK,ERK5,MAPK7
PIM,2.4575,9,KRSA,0.890282131661442,4,CAMK,PIM,PIM,PIM1
PIM,2.4575,9,KRSA,0.890282131661442,4,CAMK,PIM,PIM,PIM2
PIM,2.4575,9,KRSA,0.890282131661442,4,CAMK,PIM,PIM,PIM3
PLK,-2.51,8,KRSA,0.9028213166144201,4,NA,NA,NA,PLK5
PLK,-2.51,8,KRSA,0.9028213166144201,4,OTHER,PLK,PLK1,PLK1
PLK,-2.51,8,KRSA,0.9028213166144201,4,OTHER,PLK,PLK2,PLK2
PLK,-2.51,8,KRSA,0.9028213166144201,4,OTHER,PLK,PLK2,PLK3
PLK,-2.51,8,KRSA,0.9028213166144201,4,OTHER,PLK,SAK,PLK4
PAKB,2.1225,16,KRSA,0.8025078369905956,4,STE,STE20,PAKB,PAK4
PAKB,2.1225,16,KRSA,0.8025078369905956,4,STE,STE20,PAKB,PAK5
PAKB,2.1225,16,KRSA,0.8025078369905956,4,STE,STE20,PAKB,PAK6
CK1,-2.125,15,KRSA,0.8150470219435737,4,CK1,CK1,CK1-A,CSNK1A1
CK1,-2.125,15,KRSA,0.8150470219435737,4,CK1,CK1,CK1-A,CSNK1A1L
CK1,-2.125,15,KRSA,0.8150470219435737,4,CK1,CK1,CK1-D,CSNK1D
CK1,-2.125,15,KRSA,0.8150470219435737,4,CK1,CK1,CK1-D,CSNK1E
CK1,-2.125,15,KRSA,0.8150470219435737,4,CK1,CK1,CK1-G,CSNK1G1
CK1,-2.125,15,KRSA,0.8150470219435737,4,CK1,CK1,CK1-G,CSNK1G2
CK1,-2.125,15,KRSA,0.8150470219435737,4,CK1,CK1,CK1-G,CSNK1G3
CK1,-2.125,15,KRSA,0.8150470219435737,4,CK1,TTBK,TTBK,TTBK1
CK1,-2.125,15,KRSA,0.8150470219435737,4,CK1,TTBK,TTBK,TTBK2
CK1,-2.125,15,KRSA,0.8150470219435737,4,CK1,VRK,VRK,VRK3
P38,-2.13,14,KRSA,0.8275862068965517,4,CMGC,MAPK,P38,MAPK11
P38,-2.13,14,KRSA,0.8275862068965517,4,CMGC,MAPK,P38,MAPK12
P38,-2.13,14,KRSA,0.8275862068965517,4,CMGC,MAPK,P38,MAPK13
P38,-2.13,14,KRSA,0.8275862068965517,4,CMGC,MAPK,P38,MAPK14
STE7,-2.27,12,KRSA,0.8526645768025078,4,STE,STE7,MEK1,MAP2K1
STE7,-2.27,12,KRSA,0.8526645768025078,4,STE,STE7,MEK1,MAP2K2
STE7,-2.27,12,KRSA,0.8526645768025078,4,STE,STE7,MEK3,MAP2K3
STE7,-2.27,12,KRSA,0.8526645768025078,4,STE,STE7,MEK4,MAP2K4
STE7,-2.27,12,KRSA,0.8526645768025078,4,STE,STE7,MEK5,MAP2K5
STE7,-2.27,12,KRSA,0.8526645768025078,4,STE,STE7,MEK3,MAP2K6
STE7,-2.27,12,KRSA,0.8526645768025078,4,STE,STE7,MEK7,MAP2K7
PKA,2.175,13,KRSA,0.8401253918495298,4,AGC,PKA,PKA,PRKACA
PKA,2.175,13,KRSA,0.8401253918495298,4,AGC,PKA,PKA,PRKACB
PKA,2.175,13,KRSA,0.8401253918495298,4,AGC,PKA,PKA,PRKACG
PKA,2.175,13,KRSA,0.8401253918495298,4,AGC,PKA,PKA,PRKX
PKA,2.175,13,KRSA,0.8401253918495298,4,AGC,PKA,PKA,PRKY
DYRK,-2.41,10,KRSA,0.877742946708464,4,CMGC,DYRK,DYRK1,DYRK1A
DYRK,-2.41,10,KRSA,0.877742946708464,4,CMGC,DYRK,DYRK1,DYRK1B
DYRK,-2.41,10,KRSA,0.877742946708464,4,CMGC,DYRK,DYRK2,DYRK2
DYRK,-2.41,10,KRSA,0.877742946708464,4,CMGC,DYRK,DYRK2,DYRK3
DYRK,-2.41,10,KRSA,0.877742946708464,4,CMGC,DYRK,DYRK2,DYRK4
DYRK,-2.41,10,KRSA,0.877742946708464,4,CMGC,DYRK,HIPK,HIPK1
DYRK,-2.41,10,KRSA,0.877742946708464,4,CMGC,DYRK,HIPK,HIPK2
DYRK,-2.41,10,KRSA,0.877742946708464,4,CMGC,DYRK,HIPK,HIPK3
DYRK,-2.41,10,KRSA,0.877742946708464,4,CMGC,DYRK,HIPK,HIPK4
DYRK,-2.41,10,KRSA,0.877742946708464,4,CMGC,DYRK,PRP4,PRPF4B
PDK1,-1.89,19,KRSA,0.7648902821316614,4,ATYPICAL,PDHK,PDHK,PDK1
PDK1,-1.89,19,KRSA,0.7648902821316614,4,AGC,PDK1,PDK1,PDPK1
PKCH,1.775,22,KRSA,0.7147335423197492,3,AGC,PKC,ETA,PRKCE
PKCH,1.775,22,KRSA,0.7147335423197492,3,AGC,PKC,ETA,PRKCH
GRK,-1.3725,31,KRSA,0.6018808777429467,3,AGC,GRK,GRK,GRK1
GRK,-1.3725,31,KRSA,0.6018808777429467,3,AGC,GRK,GRK,GRK4
GRK,-1.3725,31,KRSA,0.6018808777429467,3,AGC,GRK,GRK,GRK5
GRK,-1.3725,31,KRSA,0.6018808777429467,3,AGC,GRK,GRK,GRK6
GRK,-1.3725,31,KRSA,0.6018808777429467,3,AGC,GRK,GRK,GRK7
STKR,-1.865,20,KRSA,0.7398119122257053,3,TKL,STKR,TYPE1,ACVR1
STKR,-1.865,20,KRSA,0.7398119122257053,3,TKL,STKR,TYPE1,ACVR1B
STKR,-1.865,20,KRSA,0.7398119122257053,3,TKL,STKR,TYPE1,ACVR1C
STKR,-1.865,20,KRSA,0.7398119122257053,3,TKL,STKR,TYPE2,ACVR2A
STKR,-1.865,20,KRSA,0.7398119122257053,3,TKL,STKR,TYPE2,ACVR2B
STKR,-1.865,20,KRSA,0.7398119122257053,3,TKL,STKR,TYPE1,ACVRL1
STKR,-1.865,20,KRSA,0.7398119122257053,3,TKL,STKR,TYPE2,AMHR2
STKR,-1.865,20,KRSA,0.7398119122257053,3,TKL,STKR,TYPE1,BMPR1A
STKR,-1.865,20,KRSA,0.7398119122257053,3,TKL,STKR,TYPE1,BMPR1B
STKR,-1.865,20,KRSA,0.7398119122257053,3,TKL,STKR,TYPE2,BMPR2
STKR,-1.865,20,KRSA,0.7398119122257053,3,TKL,STKR,TYPE1,TGFBR1
STKR,-1.865,20,KRSA,0.7398119122257053,3,TKL,STKR,TYPE2,TGFBR2
LKB,-1.8625,21,KRSA,0.7272727272727273,3,CAMK,CAMKL,LKB,STK11
NMO,-1.865,20,KRSA,0.7398119122257053,3,CMGC,MAPK,NMO,NLK
BRSK,1.4675,26,KRSA,0.664576802507837,3,CAMK,CAMKL,BRSK,BRSK1
BRSK,1.4675,26,KRSA,0.664576802507837,3,CAMK,CAMKL,BRSK,BRSK2
PKCA,1.38,29,KRSA,0.6269592476489029,3,AGC,PKC,ALPHA,PRKCA
PKCA,1.38,29,KRSA,0.6269592476489029,3,AGC,PKC,ALPHA,PRKCB
PKCA,1.38,29,KRSA,0.6269592476489029,3,AGC,PKC,ALPHA,PRKCG
PASK,1.5,25,KRSA,0.677115987460815,3,CAMK,CAMKL,PASK,PASK
PEK,-1.655,23,KRSA,0.7021943573667712,3,OTHER,PEK,HRI,EIF2AK1
PEK,-1.655,23,KRSA,0.7021943573667712,3,OTHER,PEK,PKR,EIF2AK2
PEK,-1.655,23,KRSA,0.7021943573667712,3,OTHER,PEK,PEK,EIF2AK3
PEK,-1.655,23,KRSA,0.7021943573667712,3,OTHER,PEK,GCN2,EIF2AK4
AMPK,1.3775,30,KRSA,0.6144200626959248,3,CAMK,CAMKL,AMPK,PRKAA1
AMPK,1.3775,30,KRSA,0.6144200626959248,3,CAMK,CAMKL,AMPK,PRKAA2
BARK2,1.31,32,KRSA,0.5893416927899686,3,AGC,GRK,BARK,GRK3
RAD53,1.145,34,KRSA,0.5642633228840125,3,CAMK,RAD53,RAD53,CHEK2
RSK,1.44,27,KRSA,0.6520376175548589,3,AGC,RSK,RSK,RPS6KA1
RSK,1.44,27,KRSA,0.6520376175548589,3,AGC,RSK,RSK,RPS6KA2
RSK,1.44,27,KRSA,0.6520376175548589,3,AGC,RSK,RSK,RPS6KA3
RSK,1.44,27,KRSA,0.6520376175548589,3,AGC,RSK,MSK,RPS6KA4
RSK,1.44,27,KRSA,0.6520376175548589,3,AGC,RSK,MSK,RPS6KA5
RSK,1.44,27,KRSA,0.6520376175548589,3,AGC,RSK,RSK,RPS6KA6
RSK,1.44,27,KRSA,0.6520376175548589,3,AGC,RSK,P70,RPS6KB1
RSK,1.44,27,KRSA,0.6520376175548589,3,AGC,RSK,P70,RPS6KB2
NEK,-1.1,35,KRSA,0.5517241379310345,3,OTHER,NEK,NEK11,NEK11
NEK,-1.1,35,KRSA,0.5517241379310345,3,OTHER,NEK,NEK2,NEK2
NEK,-1.1,35,KRSA,0.5517241379310345,3,OTHER,NEK,NEK1,NEK3
NEK,-1.1,35,KRSA,0.5517241379310345,3,OTHER,NEK,NEK4,NEK4
NEK,-1.1,35,KRSA,0.5517241379310345,3,OTHER,NEK,NEK1,NEK5
NEK,-1.1,35,KRSA,0.5517241379310345,3,OTHER,NEK,NEK6,NEK6
NEK,-1.1,35,KRSA,0.5517241379310345,3,OTHER,NEK,NEK6,NEK7
NEK,-1.1,35,KRSA,0.5517241379310345,3,OTHER,NEK,NEK8,NEK8
NEK,-1.1,35,KRSA,0.5517241379310345,3,OTHER,NEK,NEK8,NEK9
CAMK2,-1.6375,24,KRSA,0.6896551724137931,3,CAMK,CAMK2,CAMK2,CAMK2A
CAMK2,-1.6375,24,KRSA,0.6896551724137931,3,CAMK,CAMK2,CAMK2,CAMK2B
CAMK2,-1.6375,24,KRSA,0.6896551724137931,3,CAMK,CAMK2,CAMK2,CAMK2D
CAMK2,-1.6375,24,KRSA,0.6896551724137931,3,CAMK,CAMK2,CAMK2,CAMK2G
RAF,-0.81,42,KRSA,0.45141065830721006,2,TKL,RAF,RAF,ARAF
RAF,-0.81,42,KRSA,0.45141065830721006,2,TKL,RAF,RAF,BRAF
RAF,-0.81,42,KRSA,0.45141065830721006,2,TKL,RAF,KSR,KSR1
RAF,-0.81,42,KRSA,0.45141065830721006,2,TKL,RAF,KSR,KSR2
RAF,-0.81,42,KRSA,0.45141065830721006,2,TKL,RAF,RAF,RAF1
PAKA,1.155,33,KRSA,0.5768025078369906,3,STE,STE20,PAKA,PAK1
PAKA,1.155,33,KRSA,0.5768025078369906,3,STE,STE20,PAKA,PAK2
PAKA,1.155,33,KRSA,0.5768025078369906,3,STE,STE20,PAKA,PAK3
NAK,-0.975,38,KRSA,0.5141065830721003,3,OTHER,NAK,BIKE,AAK1
NAK,-0.975,38,KRSA,0.5141065830721003,3,OTHER,NAK,BIKE,BMP2K
NAK,-0.975,38,KRSA,0.5141065830721003,3,OTHER,NAK,GAK,GAK
NAK,-0.975,38,KRSA,0.5141065830721003,3,OTHER,NAK,MPSK,STK16
HAL,-0.98,37,KRSA,0.5266457680250783,3,RGC,RGC,RGC,NPR1
TTK,-0.96,39,KRSA,0.4890282131661442,2,OTHER,TTK,TTK,TTK
NUAK,-0.985,36,KRSA,0.5391849529780565,3,CAMK,CAMKL,NUAK,NUAK1
NUAK,-0.985,36,KRSA,0.5391849529780565,3,CAMK,CAMKL,NUAK,NUAK2
TLK,-0.96,39,KRSA,0.4890282131661442,2,OTHER,TLK,TLK,TLK1
TLK,-0.96,39,KRSA,0.4890282131661442,2,OTHER,TLK,TLK,TLK2
AKT,1.4,28,KRSA,0.6394984326018809,3,AGC,AKT,AKT,AKT1
AKT,1.4,28,KRSA,0.6394984326018809,3,AGC,AKT,AKT,AKT2
AKT,1.4,28,KRSA,0.6394984326018809,3,AGC,AKT,AKT,AKT3
MELK,0.605,53,KRSA,0.27586206896551724,2,CAMK,CAMKL,MELK,MELK
STE11,-0.7975,43,KRSA,0.438871473354232,2,TKL,MLK,TAK1,MAP3K7
STE11,-0.7975,43,KRSA,0.438871473354232,2,STE,STE11,MEKK1,MAP3K1
STE11,-0.7975,43,KRSA,0.438871473354232,2,STE,STE11,ASK,MAP3K15
STE11,-0.7975,43,KRSA,0.438871473354232,2,STE,STE11,MEKK2,MAP3K2
STE11,-0.7975,43,KRSA,0.438871473354232,2,STE,STE11,MEKK2,MAP3K3
STE11,-0.7975,43,KRSA,0.438871473354232,2,STE,STE11,MEKK4,MAP3K4
STE11,-0.7975,43,KRSA,0.438871473354232,2,STE,STE11,ASK,MAP3K5
STE11,-0.7975,43,KRSA,0.438871473354232,2,STE,STE11,ASK,MAP3K6
ULK,-0.6900000000000001,47,KRSA,0.3761755485893417,2,OTHER,ULK,FUSED,STK36
ULK,-0.6900000000000001,47,KRSA,0.3761755485893417,2,OTHER,ULK,ULK,ULK1
ULK,-0.6900000000000001,47,KRSA,0.3761755485893417,2,OTHER,ULK,ULK,ULK2
ULK,-0.6900000000000001,47,KRSA,0.3761755485893417,2,OTHER,ULK,ULK,ULK3
ULK,-0.6900000000000001,47,KRSA,0.3761755485893417,2,OTHER,ULK,ULK,ULK4
WNK,-0.1725,71,KRSA,0.050156739811912224,1,OTHER,WNK,WNK,WNK1
WNK,-0.1725,71,KRSA,0.050156739811912224,1,OTHER,WNK,WNK,WNK2
WNK,-0.1725,71,KRSA,0.050156739811912224,1,OTHER,WNK,WNK,WNK3
WNK,-0.1725,71,KRSA,0.050156739811912224,1,OTHER,WNK,WNK,WNK4
CAMKK,-0.6775,50,KRSA,0.3385579937304075,2,OTHER,CAMKK,META,CAMKK1
CAMKK,-0.6775,50,KRSA,0.3385579937304075,2,OTHER,CAMKK,META,CAMKK2
BUD32,-0.675,51,KRSA,0.31347962382445144,2,OTHER,BUD32,BUD32,TP53RK
CLK,-0.6900000000000001,47,KRSA,0.3761755485893417,2,CMGC,CLK,CLK,CLK1
CLK,-0.6900000000000001,47,KRSA,0.3761755485893417,2,CMGC,CLK,CLK,CLK2
CLK,-0.6900000000000001,47,KRSA,0.3761755485893417,2,CMGC,CLK,CLK,CLK3
CLK,-0.6900000000000001,47,KRSA,0.3761755485893417,2,CMGC,CLK,CLK,CLK4
SLK,-0.6975,45,KRSA,0.41379310344827586,2,STE,STE20,SLK,SLK
SLK,-0.6975,45,KRSA,0.41379310344827586,2,STE,STE20,SLK,STK10
NIK,-0.6925,46,KRSA,0.4012539184952978,2,STE,STE-UNIQUE,STE-UNIQUE,MAP3K14
KHS,-0.6825,49,KRSA,0.3510971786833856,2,STE,STE20,KHS,MAP4K1
KHS,-0.6825,49,KRSA,0.3510971786833856,2,STE,STE20,KHS,MAP4K2
KHS,-0.6825,49,KRSA,0.3510971786833856,2,STE,STE20,KHS,MAP4K3
KHS,-0.6825,49,KRSA,0.3510971786833856,2,STE,STE20,KHS,MAP4K5
MOS,-0.69,48,KRSA,0.36363636363636365,2,OTHER,MOS,MOS,MOS
TAO,-0.675,51,KRSA,0.31347962382445144,2,STE,STE20,TAO,TAOK1
TAO,-0.675,51,KRSA,0.31347962382445144,2,STE,STE20,TAO,TAOK2
TAO,-0.675,51,KRSA,0.31347962382445144,2,STE,STE20,TAO,TAOK3
PKN,0.15000000000000002,72,KRSA,0.03761755485893417,1,AGC,PKN,PKN,PKN1
PKN,0.15000000000000002,72,KRSA,0.03761755485893417,1,AGC,PKN,PKN,PKN2
PKN,0.15000000000000002,72,KRSA,0.03761755485893417,1,AGC,PKN,PKN,PKN3
FRAY,-0.245,69,KRSA,0.07523510971786834,1,STE,STE20,FRAY,OXSR1
FRAY,-0.245,69,KRSA,0.07523510971786834,1,STE,STE20,FRAY,STK39
CHK1,-0.41,59,KRSA,0.2006269592476489,1,CAMK,CAMKL,CHK1,CHEK1
ATR,-0.5675,56,KRSA,0.23824451410658307,1,ATYPICAL,PIKK,ATR,ATR
VRK1,-0.8575,41,KRSA,0.46394984326018807,2,CK1,VRK,VRK,VRK1
MLCK,-0.315,64,KRSA,0.13793103448275862,1,CAMK,MLCK,MLCK,MYLK
MLCK,-0.315,64,KRSA,0.13793103448275862,1,CAMK,MLCK,MLCK,MYLK2
MLCK,-0.315,64,KRSA,0.13793103448275862,1,CAMK,MLCK,MLCK,TTN
COT,0.8925000000000001,40,KRSA,0.47648902821316613,2,STE,STE-UNIQUE,STE-UNIQUE,MAP3K8
IRAK,0.1775,70,KRSA,0.06269592476489028,1,TKL,IRAK,IRAK,IRAK1
IRAK,0.1775,70,KRSA,0.06269592476489028,1,TKL,IRAK,IRAK,IRAK2
IRAK,0.1775,70,KRSA,0.06269592476489028,1,TKL,IRAK,IRAK,IRAK3
IRAK,0.1775,70,KRSA,0.06269592476489028,1,TKL,IRAK,IRAK,IRAK4
NDR,-0.605,53,KRSA,0.27586206896551724,2,AGC,NDR,NDR,LATS1
NDR,-0.605,53,KRSA,0.27586206896551724,2,AGC,NDR,NDR,LATS2
NDR,-0.605,53,KRSA,0.27586206896551724,2,AGC,NDR,NDR,STK38
NDR,-0.605,53,KRSA,0.27586206896551724,2,AGC,NDR,NDR,STK38L
DAPK,0.265,67,KRSA,0.10031347962382445,1,CAMK,DAPK,DAPK,DAPK1
DAPK,0.265,67,KRSA,0.10031347962382445,1,CAMK,DAPK,DAPK,DAPK2
DAPK,0.265,67,KRSA,0.10031347962382445,1,CAMK,DAPK,DAPK,DAPK3
DAPK,0.265,67,KRSA,0.10031347962382445,1,CAMK,DAPK,DRAK,STK17A
DAPK,0.265,67,KRSA,0.10031347962382445,1,CAMK,DAPK,DRAK,STK17B
PRKDC,-0.7025,44,KRSA,0.4263322884012539,2,ATYPICAL,PIKK,DNAPK,PRKDC
CAMK1,0.5525,57,KRSA,0.22570532915360503,1,CAMK,CAMK1,CAMK1,CAMK1
CAMK1,0.5525,57,KRSA,0.22570532915360503,1,CAMK,CAMK1,CAMK1,CAMK1D
CAMK1,0.5525,57,KRSA,0.22570532915360503,1,CAMK,CAMK1,CAMK1,CAMK1G
CAMK1,0.5525,57,KRSA,0.22570532915360503,1,CAMK,CAMK1,CAMK1,CAMK4
CAMK1,0.5525,57,KRSA,0.22570532915360503,1,CAMK,CAMK1,CAMK1,PNCK
QIK,0.3625,61,KRSA,0.1755485893416928,1,CAMK,CAMKL,QIK,SIK1
QIK,0.3625,61,KRSA,0.1755485893416928,1,CAMK,CAMKL,QIK,SIK2
MLK,0.3825,60,KRSA,0.18808777429467086,1,TKL,MLK,ILK,ILK
MLK,0.3825,60,KRSA,0.18808777429467086,1,TKL,MLK,MLK,MAP3K10
MLK,0.3825,60,KRSA,0.18808777429467086,1,TKL,MLK,MLK,MAP3K11
MLK,0.3825,60,KRSA,0.18808777429467086,1,TKL,MLK,LZK,MAP3K12
MLK,0.3825,60,KRSA,0.18808777429467086,1,TKL,MLK,LZK,MAP3K13
MLK,0.3825,60,KRSA,0.18808777429467086,1,TKL,MLK,MLK,MAP3K9
MLK,0.3825,60,KRSA,0.18808777429467086,1,TKL,MLK,HH498,TNNI3K
CK2,-0.04249999999999999,74,KRSA,0.012539184952978056,1,CMGC,CK2,CK2,CSNK2A1
CK2,-0.04249999999999999,74,KRSA,0.012539184952978056,1,CMGC,CK2,CK2,CSNK2A2
CK2,-0.04249999999999999,74,KRSA,0.012539184952978056,1,NA,NA,NA,CSNK2A3
MTOR,-0.33999999999999997,62,KRSA,0.16300940438871472,1,ATYPICAL,PIKK,FRAP,MTOR
MST,-0.2475,68,KRSA,0.0877742946708464,1,STE,STE20,MST,STK3
MST,-0.2475,68,KRSA,0.0877742946708464,1,STE,STE20,MST,STK4
MAPKAPK,-0.3225,63,KRSA,0.15047021943573669,1,CAMK,MAPKAPK,MAPKAPK,MAPKAPK2
MAPKAPK,-0.3225,63,KRSA,0.15047021943573669,1,CAMK,MAPKAPK,MAPKAPK,MAPKAPK3
MAPKAPK,-0.3225,63,KRSA,0.15047021943573669,1,CAMK,MAPKAPK,MAPKAPK,MAPKAPK5
MAPKAPK,-0.3225,63,KRSA,0.15047021943573669,1,CAMK,MAPKAPK,MNK,MKNK1
MAPKAPK,-0.3225,63,KRSA,0.15047021943573669,1,CAMK,MAPKAPK,MNK,MKNK2
PDHK,-0.1325,73,KRSA,0.025078369905956112,1,ATYPICAL,PDHK,BCKDK,BCKDK
PDHK,-0.1325,73,KRSA,0.025078369905956112,1,ATYPICAL,PDHK,PDHK,PDK2
PDHK,-0.1325,73,KRSA,0.025078369905956112,1,ATYPICAL,PDHK,PDHK,PDK3
PDHK,-0.1325,73,KRSA,0.025078369905956112,1,ATYPICAL,PDHK,PDHK,PDK4
ATM,-0.27499999999999997,65,KRSA,0.12539184952978055,1,ATYPICAL,PIKK,ATM,ATM
MSN,-0.27,66,KRSA,0.11285266457680251,1,STE,STE20,MSN,MAP4K4
MSN,-0.27,66,KRSA,0.11285266457680251,1,STE,STE20,MSN,NRK
MSN,-0.27,66,KRSA,0.11285266457680251,1,STE,STE20,MSN,TNIK
RIPK,-0.03750000000000003,75,KRSA,0,1,TKL,RIPK,RIPK,ANKK1
RIPK,-0.03750000000000003,75,KRSA,0,1,TKL,RIPK,RIPK,RIPK1
RIPK,-0.03750000000000003,75,KRSA,0,1,TKL,RIPK,RIPK,RIPK2
RIPK,-0.03750000000000003,75,KRSA,0,1,TKL,RIPK,RIPK,RIPK3
RIPK,-0.03750000000000003,75,KRSA,0,1,TKL,RIPK,RIPK,RIPK4
GSK,-0.61,52,KRSA,0.30094043887147337,2,CMGC,GSK,GSK,GSK3A
GSK,-0.61,52,KRSA,0.30094043887147337,2,CMGC,GSK,GSK,GSK3B
IKK,-0.5325,58,KRSA,0.21316614420062696,1,OTHER,IKK,IKK,CHUK
IKK,-0.5325,58,KRSA,0.21316614420062696,1,OTHER,IKK,IKK,IKBKB
IKK,-0.5325,58,KRSA,0.21316614420062696,1,OTHER,IKK,IKK,IKBKE
IKK,-0.5325,58,KRSA,0.21316614420062696,1,OTHER,IKK,IKK,TBK1
SGK,0.575,55,KRSA,0.2507836990595611,2,AGC,SGK,SGK,SGK1
SGK,0.575,55,KRSA,0.2507836990595611,2,AGC,SGK,SGK,SGK2
SGK,0.575,55,KRSA,0.2507836990595611,2,AGC,SGK,SGK,SGK3
PHK,2.3975,11,KRSA,0.8652037617554859,4,CAMK,PHK,PHK,PHKG1
PHK,2.3975,11,KRSA,0.8652037617554859,4,CAMK,PHK,PHK,PHKG2
CDK,-2.7625,4,KRSA,0.9529780564263323,4,CMGC,CDK,CDC2,CDK1
CDK,-2.7625,4,KRSA,0.9529780564263323,4,CMGC,CDK,CDK10,CDK10
CDK,-2.7625,4,KRSA,0.9529780564263323,4,CMGC,CDK,CRK7,CDK12
CDK,-2.7625,4,KRSA,0.9529780564263323,4,CMGC,CDK,CRK7,CDK13
CDK,-2.7625,4,KRSA,0.9529780564263323,4,CMGC,CDK,PFTAIRE,CDK14
CDK,-2.7625,4,KRSA,0.9529780564263323,4,CMGC,CDK,PFTAIRE,CDK15
CDK,-2.7625,4,KRSA,0.9529780564263323,4,CMGC,CDK,PCTAIRE,CDK16
CDK,-2.7625,4,KRSA,0.9529780564263323,4,CMGC,CDK,PCTAIRE,CDK17
CDK,-2.7625,4,KRSA,0.9529780564263323,4,CMGC,CDK,PCTAIRE,CDK18
CDK,-2.7625,4,KRSA,0.9529780564263323,4,CMGC,CDK,CDK8,CDK19
CDK,-2.7625,4,KRSA,0.9529780564263323,4,CMGC,CDK,CDC2,CDK2
CDK,-2.7625,4,KRSA,0.9529780564263323,4,CMGC,CDK,CCRK,CDK20
CDK,-2.7625,4,KRSA,0.9529780564263323,4,CMGC,CDK,CDC2,CDK3
CDK,-2.7625,4,KRSA,0.9529780564263323,4,CMGC,CDK,CDK4,CDK4
CDK,-2.7625,4,KRSA,0.9529780564263323,4,CMGC,CDK,CDK5,CDK5
CDK,-2.7625,4,KRSA,0.9529780564263323,4,CMGC,CDK,CDK4,CDK6
CDK,-2.7625,4,KRSA,0.9529780564263323,4,CMGC,CDK,CDK7,CDK7
CDK,-2.7625,4,KRSA,0.9529780564263323,4,CMGC,CDK,CDK8,CDK8
CDK,-2.7625,4,KRSA,0.9529780564263323,4,CMGC,CDK,CDK9,CDK9
CDK,-2.7625,4,KRSA,0.9529780564263323,4,NA,NA,NA,CDK11A
CDK,-2.7625,4,KRSA,0.9529780564263323,4,NA,NA,NA,CDK11B
PAKB,2.1225,16,KRSA,0.8025078369905956,4,STE,STE20,PAKB,PAK4
PAKB,2.1225,16,KRSA,0.8025078369905956,4,STE,STE20,PAKB,PAK5
PAKB,2.1225,16,KRSA,0.8025078369905956,4,STE,STE20,PAKB,PAK6
PKG,2.665,5,KRSA,0.9404388714733543,4,AGC,PKG,PKG,PRKG1
PKG,2.665,5,KRSA,0.9404388714733543,4,AGC,PKG,PKG,PRKG2
PKCI,2.52,7,KRSA,0.9153605015673981,4,AGC,PKC,IOTA,PRKCI
PKCI,2.52,7,KRSA,0.9153605015673981,4,AGC,PKC,IOTA,PRKCZ
DMPK,2.8325,1,KRSA,0.9905956112852664,4,AGC,DMPK,GEK,CDC42BPA
DMPK,2.8325,1,KRSA,0.9905956112852664,4,AGC,DMPK,GEK,CDC42BPB
DMPK,2.8325,1,KRSA,0.9905956112852664,4,AGC,DMPK,GEK,CDC42BPG
DMPK,2.8325,1,KRSA,0.9905956112852664,4,AGC,DMPK,CRIK,CIT
DMPK,2.8325,1,KRSA,0.9905956112852664,4,AGC,DMPK,GEK,DMPK
DMPK,2.8325,1,KRSA,0.9905956112852664,4,AGC,DMPK,ROCK,ROCK1
DMPK,2.8325,1,KRSA,0.9905956112852664,4,AGC,DMPK,ROCK,ROCK2
PIM,2.4575,9,KRSA,0.890282131661442,4,CAMK,PIM,PIM,PIM1
PIM,2.4575,9,KRSA,0.890282131661442,4,CAMK,PIM,PIM,PIM2
PIM,2.4575,9,KRSA,0.890282131661442,4,CAMK,PIM,PIM,PIM3
ERK,-2.77,3,KRSA,0.9655172413793104,4,CMGC,MAPK,ERK1,MAPK1
ERK,-2.77,3,KRSA,0.9655172413793104,4,CMGC,MAPK,ERK7,MAPK15
ERK,-2.77,3,KRSA,0.9655172413793104,4,CMGC,MAPK,ERK1,MAPK3
ERK,-2.77,3,KRSA,0.9655172413793104,4,CMGC,MAPK,ERK3,MAPK4
ERK,-2.77,3,KRSA,0.9655172413793104,4,CMGC,MAPK,ERK3,MAPK6
ERK,-2.77,3,KRSA,0.9655172413793104,4,CMGC,MAPK,ERK5,MAPK7
PKA,2.175,13,KRSA,0.8401253918495298,4,AGC,PKA,PKA,PRKACA
PKA,2.175,13,KRSA,0.8401253918495298,4,AGC,PKA,PKA,PRKACB
PKA,2.175,13,KRSA,0.8401253918495298,4,AGC,PKA,PKA,PRKACG
PKA,2.175,13,KRSA,0.8401253918495298,4,AGC,PKA,PKA,PRKX
PKA,2.175,13,KRSA,0.8401253918495298,4,AGC,PKA,PKA,PRKY
PKCD,2.5774999999999997,6,KRSA,0.9278996865203761,4,AGC,PKC,DELTA,PRKCD
PKCD,2.5774999999999997,6,KRSA,0.9278996865203761,4,AGC,PKC,DELTA,PRKCQ
JNK,-2.83,2,KRSA,0.9780564263322884,4,CMGC,MAPK,JNK,MAPK10
JNK,-2.83,2,KRSA,0.9780564263322884,4,CMGC,MAPK,JNK,MAPK8
JNK,-2.83,2,KRSA,0.9780564263322884,4,CMGC,MAPK,JNK,MAPK9
STE7,-2.27,12,KRSA,0.8526645768025078,4,STE,STE7,MEK1,MAP2K1
STE7,-2.27,12,KRSA,0.8526645768025078,4,STE,STE7,MEK1,MAP2K2
STE7,-2.27,12,KRSA,0.8526645768025078,4,STE,STE7,MEK3,MAP2K3
STE7,-2.27,12,KRSA,0.8526645768025078,4,STE,STE7,MEK4,MAP2K4
STE7,-2.27,12,KRSA,0.8526645768025078,4,STE,STE7,MEK5,MAP2K5
STE7,-2.27,12,KRSA,0.8526645768025078,4,STE,STE7,MEK3,MAP2K6
STE7,-2.27,12,KRSA,0.8526645768025078,4,STE,STE7,MEK7,MAP2K7
PASK,1.5,25,KRSA,0.677115987460815,3,CAMK,CAMKL,PASK,PASK
LKB,-1.8625,21,KRSA,0.7272727272727273,3,CAMK,CAMKL,LKB,STK11
NMO,-1.865,20,KRSA,0.7398119122257053,3,CMGC,MAPK,NMO,NLK
PLK,-2.51,8,KRSA,0.9028213166144201,4,NA,NA,NA,PLK5
PLK,-2.51,8,KRSA,0.9028213166144201,4,OTHER,PLK,PLK1,PLK1
PLK,-2.51,8,KRSA,0.9028213166144201,4,OTHER,PLK,PLK2,PLK2
PLK,-2.51,8,KRSA,0.9028213166144201,4,OTHER,PLK,PLK2,PLK3
PLK,-2.51,8,KRSA,0.9028213166144201,4,OTHER,PLK,SAK,PLK4
AMPK,1.3775,30,KRSA,0.6144200626959248,3,CAMK,CAMKL,AMPK,PRKAA1
AMPK,1.3775,30,KRSA,0.6144200626959248,3,CAMK,CAMKL,AMPK,PRKAA2
PKD,1.8925,18,KRSA,0.7774294670846394,4,CAMK,PKD,PKD,PRKD1
PKD,1.8925,18,KRSA,0.7774294670846394,4,CAMK,PKD,PKD,PRKD2
PKD,1.8925,18,KRSA,0.7774294670846394,4,CAMK,PKD,PKD,PRKD3
AUR,2.005,17,KRSA,0.7899686520376176,4,OTHER,AUR,AUR,AURKA
AUR,2.005,17,KRSA,0.7899686520376176,4,OTHER,AUR,AUR,AURKB
AUR,2.005,17,KRSA,0.7899686520376176,4,OTHER,AUR,AUR,AURKC
BRSK,1.4675,26,KRSA,0.664576802507837,3,CAMK,CAMKL,BRSK,BRSK1
BRSK,1.4675,26,KRSA,0.664576802507837,3,CAMK,CAMKL,BRSK,BRSK2
BARK2,1.31,32,KRSA,0.5893416927899686,3,AGC,GRK,BARK,GRK3
CAMK2,-1.6375,24,KRSA,0.6896551724137931,3,CAMK,CAMK2,CAMK2,CAMK2A
CAMK2,-1.6375,24,KRSA,0.6896551724137931,3,CAMK,CAMK2,CAMK2,CAMK2B
CAMK2,-1.6375,24,KRSA,0.6896551724137931,3,CAMK,CAMK2,CAMK2,CAMK2D
CAMK2,-1.6375,24,KRSA,0.6896551724137931,3,CAMK,CAMK2,CAMK2,CAMK2G
DYRK,-2.41,10,KRSA,0.877742946708464,4,CMGC,DYRK,DYRK1,DYRK1A
DYRK,-2.41,10,KRSA,0.877742946708464,4,CMGC,DYRK,DYRK1,DYRK1B
DYRK,-2.41,10,KRSA,0.877742946708464,4,CMGC,DYRK,DYRK2,DYRK2
DYRK,-2.41,10,KRSA,0.877742946708464,4,CMGC,DYRK,DYRK2,DYRK3
DYRK,-2.41,10,KRSA,0.877742946708464,4,CMGC,DYRK,DYRK2,DYRK4
DYRK,-2.41,10,KRSA,0.877742946708464,4,CMGC,DYRK,HIPK,HIPK1
DYRK,-2.41,10,KRSA,0.877742946708464,4,CMGC,DYRK,HIPK,HIPK2
DYRK,-2.41,10,KRSA,0.877742946708464,4,CMGC,DYRK,HIPK,HIPK3
DYRK,-2.41,10,KRSA,0.877742946708464,4,CMGC,DYRK,HIPK,HIPK4
DYRK,-2.41,10,KRSA,0.877742946708464,4,CMGC,DYRK,PRP4,PRPF4B
PDK1,-1.89,19,KRSA,0.7648902821316614,4,ATYPICAL,PDHK,PDHK,PDK1
PDK1,-1.89,19,KRSA,0.7648902821316614,4,AGC,PDK1,PDK1,PDPK1
QIK,0.3625,61,KRSA,0.1755485893416928,1,CAMK,CAMKL,QIK,SIK1
QIK,0.3625,61,KRSA,0.1755485893416928,1,CAMK,CAMKL,QIK,SIK2
CK1,-2.125,15,KRSA,0.8150470219435737,4,CK1,CK1,CK1-A,CSNK1A1
CK1,-2.125,15,KRSA,0.8150470219435737,4,CK1,CK1,CK1-A,CSNK1A1L
CK1,-2.125,15,KRSA,0.8150470219435737,4,CK1,CK1,CK1-D,CSNK1D
CK1,-2.125,15,KRSA,0.8150470219435737,4,CK1,CK1,CK1-D,CSNK1E
CK1,-2.125,15,KRSA,0.8150470219435737,4,CK1,CK1,CK1-G,CSNK1G1
CK1,-2.125,15,KRSA,0.8150470219435737,4,CK1,CK1,CK1-G,CSNK1G2
CK1,-2.125,15,KRSA,0.8150470219435737,4,CK1,CK1,CK1-G,CSNK1G3
CK1,-2.125,15,KRSA,0.8150470219435737,4,CK1,TTBK,TTBK,TTBK1
CK1,-2.125,15,KRSA,0.8150470219435737,4,CK1,TTBK,TTBK,TTBK2
CK1,-2.125,15,KRSA,0.8150470219435737,4,CK1,VRK,VRK,VRK3
STKR,-1.865,20,KRSA,0.7398119122257053,3,TKL,STKR,TYPE1,ACVR1
STKR,-1.865,20,KRSA,0.7398119122257053,3,TKL,STKR,TYPE1,ACVR1B
STKR,-1.865,20,KRSA,0.7398119122257053,3,TKL,STKR,TYPE1,ACVR1C
STKR,-1.865,20,KRSA,0.7398119122257053,3,TKL,STKR,TYPE2,ACVR2A
STKR,-1.865,20,KRSA,0.7398119122257053,3,TKL,STKR,TYPE2,ACVR2B
STKR,-1.865,20,KRSA,0.7398119122257053,3,TKL,STKR,TYPE1,ACVRL1
STKR,-1.865,20,KRSA,0.7398119122257053,3,TKL,STKR,TYPE2,AMHR2
STKR,-1.865,20,KRSA,0.7398119122257053,3,TKL,STKR,TYPE1,BMPR1A
STKR,-1.865,20,KRSA,0.7398119122257053,3,TKL,STKR,TYPE1,BMPR1B
STKR,-1.865,20,KRSA,0.7398119122257053,3,TKL,STKR,TYPE2,BMPR2
STKR,-1.865,20,KRSA,0.7398119122257053,3,TKL,STKR,TYPE1,TGFBR1
STKR,-1.865,20,KRSA,0.7398119122257053,3,TKL,STKR,TYPE2,TGFBR2
PKCA,1.38,29,KRSA,0.6269592476489029,3,AGC,PKC,ALPHA,PRKCA
PKCA,1.38,29,KRSA,0.6269592476489029,3,AGC,PKC,ALPHA,PRKCB
PKCA,1.38,29,KRSA,0.6269592476489029,3,AGC,PKC,ALPHA,PRKCG
PEK,-1.655,23,KRSA,0.7021943573667712,3,OTHER,PEK,HRI,EIF2AK1
PEK,-1.655,23,KRSA,0.7021943573667712,3,OTHER,PEK,PKR,EIF2AK2
PEK,-1.655,23,KRSA,0.7021943573667712,3,OTHER,PEK,PEK,EIF2AK3
PEK,-1.655,23,KRSA,0.7021943573667712,3,OTHER,PEK,GCN2,EIF2AK4
CAMK1,0.5525,57,KRSA,0.22570532915360503,1,CAMK,CAMK1,CAMK1,CAMK1
CAMK1,0.5525,57,KRSA,0.22570532915360503,1,CAMK,CAMK1,CAMK1,CAMK1D
CAMK1,0.5525,57,KRSA,0.22570532915360503,1,CAMK,CAMK1,CAMK1,CAMK1G
CAMK1,0.5525,57,KRSA,0.22570532915360503,1,CAMK,CAMK1,CAMK1,CAMK4
CAMK1,0.5525,57,KRSA,0.22570532915360503,1,CAMK,CAMK1,CAMK1,PNCK
RSK,1.44,27,KRSA,0.6520376175548589,3,AGC,RSK,RSK,RPS6KA1
RSK,1.44,27,KRSA,0.6520376175548589,3,AGC,RSK,RSK,RPS6KA2
RSK,1.44,27,KRSA,0.6520376175548589,3,AGC,RSK,RSK,RPS6KA3
RSK,1.44,27,KRSA,0.6520376175548589,3,AGC,RSK,MSK,RPS6KA4
RSK,1.44,27,KRSA,0.6520376175548589,3,AGC,RSK,MSK,RPS6KA5
RSK,1.44,27,KRSA,0.6520376175548589,3,AGC,RSK,RSK,RPS6KA6
RSK,1.44,27,KRSA,0.6520376175548589,3,AGC,RSK,P70,RPS6KB1
RSK,1.44,27,KRSA,0.6520376175548589,3,AGC,RSK,P70,RPS6KB2
NDR,-0.605,53,KRSA,0.27586206896551724,2,AGC,NDR,NDR,LATS1
NDR,-0.605,53,KRSA,0.27586206896551724,2,AGC,NDR,NDR,LATS2
NDR,-0.605,53,KRSA,0.27586206896551724,2,AGC,NDR,NDR,STK38
NDR,-0.605,53,KRSA,0.27586206896551724,2,AGC,NDR,NDR,STK38L
VRK1,-0.8575,41,KRSA,0.46394984326018807,2,CK1,VRK,VRK,VRK1
GRK,-1.3725,31,KRSA,0.6018808777429467,3,AGC,GRK,GRK,GRK1
GRK,-1.3725,31,KRSA,0.6018808777429467,3,AGC,GRK,GRK,GRK4
GRK,-1.3725,31,KRSA,0.6018808777429467,3,AGC,GRK,GRK,GRK5
GRK,-1.3725,31,KRSA,0.6018808777429467,3,AGC,GRK,GRK,GRK6
GRK,-1.3725,31,KRSA,0.6018808777429467,3,AGC,GRK,GRK,GRK7
P38,-2.13,14,KRSA,0.8275862068965517,4,CMGC,MAPK,P38,MAPK11
P38,-2.13,14,KRSA,0.8275862068965517,4,CMGC,MAPK,P38,MAPK12
P38,-2.13,14,KRSA,0.8275862068965517,4,CMGC,MAPK,P38,MAPK13
P38,-2.13,14,KRSA,0.8275862068965517,4,CMGC,MAPK,P38,MAPK14
RAD53,1.145,34,KRSA,0.5642633228840125,3,CAMK,RAD53,RAD53,CHEK2
PAKA,1.155,33,KRSA,0.5768025078369906,3,STE,STE20,PAKA,PAK1
PAKA,1.155,33,KRSA,0.5768025078369906,3,STE,STE20,PAKA,PAK2
PAKA,1.155,33,KRSA,0.5768025078369906,3,STE,STE20,PAKA,PAK3
SGK,0.575,55,KRSA,0.2507836990595611,2,AGC,SGK,SGK,SGK1
SGK,0.575,55,KRSA,0.2507836990595611,2,AGC,SGK,SGK,SGK2
SGK,0.575,55,KRSA,0.2507836990595611,2,AGC,SGK,SGK,SGK3
COT,0.8925000000000001,40,KRSA,0.47648902821316613,2,STE,STE-UNIQUE,STE-UNIQUE,MAP3K8
FRAY,-0.245,69,KRSA,0.07523510971786834,1,STE,STE20,FRAY,OXSR1
FRAY,-0.245,69,KRSA,0.07523510971786834,1,STE,STE20,FRAY,STK39
AKT,1.4,28,KRSA,0.6394984326018809,3,AGC,AKT,AKT,AKT1
AKT,1.4,28,KRSA,0.6394984326018809,3,AGC,AKT,AKT,AKT2
AKT,1.4,28,KRSA,0.6394984326018809,3,AGC,AKT,AKT,AKT3
PKCH,1.775,22,KRSA,0.7147335423197492,3,AGC,PKC,ETA,PRKCE
PKCH,1.775,22,KRSA,0.7147335423197492,3,AGC,PKC,ETA,PRKCH
MELK,0.605,53,KRSA,0.27586206896551724,2,CAMK,CAMKL,MELK,MELK
RAF,-0.81,42,KRSA,0.45141065830721006,2,TKL,RAF,RAF,ARAF
RAF,-0.81,42,KRSA,0.45141065830721006,2,TKL,RAF,RAF,BRAF
RAF,-0.81,42,KRSA,0.45141065830721006,2,TKL,RAF,KSR,KSR1
RAF,-0.81,42,KRSA,0.45141065830721006,2,TKL,RAF,KSR,KSR2
RAF,-0.81,42,KRSA,0.45141065830721006,2,TKL,RAF,RAF,RAF1
DAPK,0.265,67,KRSA,0.10031347962382445,1,CAMK,DAPK,DAPK,DAPK1
DAPK,0.265,67,KRSA,0.10031347962382445,1,CAMK,DAPK,DAPK,DAPK2
DAPK,0.265,67,KRSA,0.10031347962382445,1,CAMK,DAPK,DAPK,DAPK3
DAPK,0.265,67,KRSA,0.10031347962382445,1,CAMK,DAPK,DRAK,STK17A
DAPK,0.265,67,KRSA,0.10031347962382445,1,CAMK,DAPK,DRAK,STK17B
NUAK,-0.985,36,KRSA,0.5391849529780565,3,CAMK,CAMKL,NUAK,NUAK1
NUAK,-0.985,36,KRSA,0.5391849529780565,3,CAMK,CAMKL,NUAK,NUAK2
NAK,-0.975,38,KRSA,0.5141065830721003,3,OTHER,NAK,BIKE,AAK1
NAK,-0.975,38,KRSA,0.5141065830721003,3,OTHER,NAK,BIKE,BMP2K
NAK,-0.975,38,KRSA,0.5141065830721003,3,OTHER,NAK,GAK,GAK
NAK,-0.975,38,KRSA,0.5141065830721003,3,OTHER,NAK,MPSK,STK16
TLK,-0.96,39,KRSA,0.4890282131661442,2,OTHER,TLK,TLK,TLK1
TLK,-0.96,39,KRSA,0.4890282131661442,2,OTHER,TLK,TLK,TLK2
PKN,0.15000000000000002,72,KRSA,0.03761755485893417,1,AGC,PKN,PKN,PKN1
PKN,0.15000000000000002,72,KRSA,0.03761755485893417,1,AGC,PKN,PKN,PKN2
PKN,0.15000000000000002,72,KRSA,0.03761755485893417,1,AGC,PKN,PKN,PKN3
HAL,-0.98,37,KRSA,0.5266457680250783,3,RGC,RGC,RGC,NPR1
TTK,-0.96,39,KRSA,0.4890282131661442,2,OTHER,TTK,TTK,TTK
ATR,-0.5675,56,KRSA,0.23824451410658307,1,ATYPICAL,PIKK,ATR,ATR
RIPK,-0.03750000000000003,75,KRSA,0,1,TKL,RIPK,RIPK,ANKK1
RIPK,-0.03750000000000003,75,KRSA,0,1,TKL,RIPK,RIPK,RIPK1
RIPK,-0.03750000000000003,75,KRSA,0,1,TKL,RIPK,RIPK,RIPK2
RIPK,-0.03750000000000003,75,KRSA,0,1,TKL,RIPK,RIPK,RIPK3
RIPK,-0.03750000000000003,75,KRSA,0,1,TKL,RIPK,RIPK,RIPK4
KHS,-0.6825,49,KRSA,0.3510971786833856,2,STE,STE20,KHS,MAP4K1
KHS,-0.6825,49,KRSA,0.3510971786833856,2,STE,STE20,KHS,MAP4K2
KHS,-0.6825,49,KRSA,0.3510971786833856,2,STE,STE20,KHS,MAP4K3
KHS,-0.6825,49,KRSA,0.3510971786833856,2,STE,STE20,KHS,MAP4K5
PRKDC,-0.7025,44,KRSA,0.4263322884012539,2,ATYPICAL,PIKK,DNAPK,PRKDC
WNK,-0.1725,71,KRSA,0.050156739811912224,1,OTHER,WNK,WNK,WNK1
WNK,-0.1725,71,KRSA,0.050156739811912224,1,OTHER,WNK,WNK,WNK2
WNK,-0.1725,71,KRSA,0.050156739811912224,1,OTHER,WNK,WNK,WNK3
WNK,-0.1725,71,KRSA,0.050156739811912224,1,OTHER,WNK,WNK,WNK4
CLK,-0.6900000000000001,47,KRSA,0.3761755485893417,2,CMGC,CLK,CLK,CLK1
CLK,-0.6900000000000001,47,KRSA,0.3761755485893417,2,CMGC,CLK,CLK,CLK2
CLK,-0.6900000000000001,47,KRSA,0.3761755485893417,2,CMGC,CLK,CLK,CLK3
CLK,-0.6900000000000001,47,KRSA,0.3761755485893417,2,CMGC,CLK,CLK,CLK4
NIK,-0.6925,46,KRSA,0.4012539184952978,2,STE,STE-UNIQUE,STE-UNIQUE,MAP3K14
MOS,-0.69,48,KRSA,0.36363636363636365,2,OTHER,MOS,MOS,MOS
SLK,-0.6975,45,KRSA,0.41379310344827586,2,STE,STE20,SLK,SLK
SLK,-0.6975,45,KRSA,0.41379310344827586,2,STE,STE20,SLK,STK10
TAO,-0.675,51,KRSA,0.31347962382445144,2,STE,STE20,TAO,TAOK1
TAO,-0.675,51,KRSA,0.31347962382445144,2,STE,STE20,TAO,TAOK2
TAO,-0.675,51,KRSA,0.31347962382445144,2,STE,STE20,TAO,TAOK3
CAMKK,-0.6775,50,KRSA,0.3385579937304075,2,OTHER,CAMKK,META,CAMKK1
CAMKK,-0.6775,50,KRSA,0.3385579937304075,2,OTHER,CAMKK,META,CAMKK2
IRAK,0.1775,70,KRSA,0.06269592476489028,1,TKL,IRAK,IRAK,IRAK1
IRAK,0.1775,70,KRSA,0.06269592476489028,1,TKL,IRAK,IRAK,IRAK2
IRAK,0.1775,70,KRSA,0.06269592476489028,1,TKL,IRAK,IRAK,IRAK3
IRAK,0.1775,70,KRSA,0.06269592476489028,1,TKL,IRAK,IRAK,IRAK4
BUD32,-0.675,51,KRSA,0.31347962382445144,2,OTHER,BUD32,BUD32,TP53RK
ULK,-0.6900000000000001,47,KRSA,0.3761755485893417,2,OTHER,ULK,FUSED,STK36
ULK,-0.6900000000000001,47,KRSA,0.3761755485893417,2,OTHER,ULK,ULK,ULK1
ULK,-0.6900000000000001,47,KRSA,0.3761755485893417,2,OTHER,ULK,ULK,ULK2
ULK,-0.6900000000000001,47,KRSA,0.3761755485893417,2,OTHER,ULK,ULK,ULK3
ULK,-0.6900000000000001,47,KRSA,0.3761755485893417,2,OTHER,ULK,ULK,ULK4
GSK,-0.61,52,KRSA,0.30094043887147337,2,CMGC,GSK,GSK,GSK3A
GSK,-0.61,52,KRSA,0.30094043887147337,2,CMGC,GSK,GSK,GSK3B
PDHK,-0.1325,73,KRSA,0.025078369905956112,1,ATYPICAL,PDHK,BCKDK,BCKDK
PDHK,-0.1325,73,KRSA,0.025078369905956112,1,ATYPICAL,PDHK,PDHK,PDK2
PDHK,-0.1325,73,KRSA,0.025078369905956112,1,ATYPICAL,PDHK,PDHK,PDK3
PDHK,-0.1325,73,KRSA,0.025078369905956112,1,ATYPICAL,PDHK,PDHK,PDK4
NEK,-1.1,35,KRSA,0.5517241379310345,3,OTHER,NEK,NEK11,NEK11
NEK,-1.1,35,KRSA,0.5517241379310345,3,OTHER,NEK,NEK2,NEK2
NEK,-1.1,35,KRSA,0.5517241379310345,3,OTHER,NEK,NEK1,NEK3
NEK,-1.1,35,KRSA,0.5517241379310345,3,OTHER,NEK,NEK4,NEK4
NEK,-1.1,35,KRSA,0.5517241379310345,3,OTHER,NEK,NEK1,NEK5
NEK,-1.1,35,KRSA,0.5517241379310345,3,OTHER,NEK,NEK6,NEK6
NEK,-1.1,35,KRSA,0.5517241379310345,3,OTHER,NEK,NEK6,NEK7
NEK,-1.1,35,KRSA,0.5517241379310345,3,OTHER,NEK,NEK8,NEK8
NEK,-1.1,35,KRSA,0.5517241379310345,3,OTHER,NEK,NEK8,NEK9
MTOR,-0.33999999999999997,62,KRSA,0.16300940438871472,1,ATYPICAL,PIKK,FRAP,MTOR
MST,-0.2475,68,KRSA,0.0877742946708464,1,STE,STE20,MST,STK3
MST,-0.2475,68,KRSA,0.0877742946708464,1,STE,STE20,MST,STK4
MAPKAPK,-0.3225,63,KRSA,0.15047021943573669,1,CAMK,MAPKAPK,MAPKAPK,MAPKAPK2
MAPKAPK,-0.3225,63,KRSA,0.15047021943573669,1,CAMK,MAPKAPK,MAPKAPK,MAPKAPK3
MAPKAPK,-0.3225,63,KRSA,0.15047021943573669,1,CAMK,MAPKAPK,MAPKAPK,MAPKAPK5
MAPKAPK,-0.3225,63,KRSA,0.15047021943573669,1,CAMK,MAPKAPK,MNK,MKNK1
MAPKAPK,-0.3225,63,KRSA,0.15047021943573669,1,CAMK,MAPKAPK,MNK,MKNK2
IKK,-0.5325,58,KRSA,0.21316614420062696,1,OTHER,IKK,IKK,CHUK
IKK,-0.5325,58,KRSA,0.21316614420062696,1,OTHER,IKK,IKK,IKBKB
IKK,-0.5325,58,KRSA,0.21316614420062696,1,OTHER,IKK,IKK,IKBKE
IKK,-0.5325,58,KRSA,0.21316614420062696,1,OTHER,IKK,IKK,TBK1
STE11,-0.7975,43,KRSA,0.438871473354232,2,TKL,MLK,TAK1,MAP3K7
STE11,-0.7975,43,KRSA,0.438871473354232,2,STE,STE11,MEKK1,MAP3K1
STE11,-0.7975,43,KRSA,0.438871473354232,2,STE,STE11,ASK,MAP3K15
STE11,-0.7975,43,KRSA,0.438871473354232,2,STE,STE11,MEKK2,MAP3K2
STE11,-0.7975,43,KRSA,0.438871473354232,2,STE,STE11,MEKK2,MAP3K3
STE11,-0.7975,43,KRSA,0.438871473354232,2,STE,STE11,MEKK4,MAP3K4
STE11,-0.7975,43,KRSA,0.438871473354232,2,STE,STE11,ASK,MAP3K5
STE11,-0.7975,43,KRSA,0.438871473354232,2,STE,STE11,ASK,MAP3K6
CK2,-0.04249999999999999,74,KRSA,0.012539184952978056,1,CMGC,CK2,CK2,CSNK2A1
CK2,-0.04249999999999999,74,KRSA,0.012539184952978056,1,CMGC,CK2,CK2,CSNK2A2
CK2,-0.04249999999999999,74,KRSA,0.012539184952978056,1,NA,NA,NA,CSNK2A3
ATM,-0.27499999999999997,65,KRSA,0.12539184952978055,1,ATYPICAL,PIKK,ATM,ATM
MLCK,-0.315,64,KRSA,0.13793103448275862,1,CAMK,MLCK,MLCK,MYLK
MLCK,-0.315,64,KRSA,0.13793103448275862,1,CAMK,MLCK,MLCK,MYLK2
MLCK,-0.315,64,KRSA,0.13793103448275862,1,CAMK,MLCK,MLCK,TTN
MSN,-0.27,66,KRSA,0.11285266457680251,1,STE,STE20,MSN,MAP4K4
MSN,-0.27,66,KRSA,0.11285266457680251,1,STE,STE20,MSN,NRK
MSN,-0.27,66,KRSA,0.11285266457680251,1,STE,STE20,MSN,TNIK
MLK,0.3825,60,KRSA,0.18808777429467086,1,TKL,MLK,ILK,ILK
MLK,0.3825,60,KRSA,0.18808777429467086,1,TKL,MLK,MLK,MAP3K10
MLK,0.3825,60,KRSA,0.18808777429467086,1,TKL,MLK,MLK,MAP3K11
MLK,0.3825,60,KRSA,0.18808777429467086,1,TKL,MLK,LZK,MAP3K12
MLK,0.3825,60,KRSA,0.18808777429467086,1,TKL,MLK,LZK,MAP3K13
MLK,0.3825,60,KRSA,0.18808777429467086,1,TKL,MLK,MLK,MAP3K9
MLK,0.3825,60,KRSA,0.18808777429467086,1,TKL,MLK,HH498,TNNI3K
CHK1,-0.41,59,KRSA,0.2006269592476489,1,CAMK,CAMKL,CHK1,CHEK1
